,summary_method,summary_percentage,ranking,ranking_how,ranking_perc_threshold,confidence,relation,meteor_pr,meteor_re,meteor_f1,rouge-2_pr,rouge-2_re,rouge-2_f1
197,chat-gpt,15,page\_rank,all,15.0,0.5,rebel\_ft,24.4,28.3,25.5,12.9,11.9,11.5
502,chat-gpt,15,page\_rank,all,15.0,0.5,rebel\_hf,26.2,26.4,25.3,14.1,7.2,8.8
422,chat-gpt,15,page\_rank,all,15.0,0.7,rebel\_hf,26.2,26.4,25.3,14.6,7.3,9.1
610,chat-gpt,15,page\_rank,all,15.0,0.7,rebel\_ft,24.4,28.3,25.5,12.9,11.8,11.4
156,chat-gpt,15,page\_rank,all,30.0,0.5,rebel\_ft,28.0,25.2,25.6,15.7,7.8,9.8
369,chat-gpt,15,page\_rank,all,30.0,0.5,rebel\_hf,30.5,23.9,25.7,18.1,4.9,7.4
33,chat-gpt,15,page\_rank,all,30.0,0.7,rebel\_ft,28.0,25.2,25.6,15.6,7.6,9.6
575,chat-gpt,15,page\_rank,all,30.0,0.7,rebel\_hf,30.5,23.9,25.7,18.3,4.9,7.4
475,chat-gpt,15,page\_rank,all,50.0,0.5,rebel\_ft,30.5,24.1,26.3,19.6,6.0,8.9
533,chat-gpt,15,page\_rank,all,50.0,0.5,rebel\_hf,32.8,22.2,25.7,21.9,3.6,6.0
336,chat-gpt,15,page\_rank,all,50.0,0.7,rebel\_hf,32.8,22.2,25.7,21.3,3.5,5.9
499,chat-gpt,15,page\_rank,all,50.0,0.7,rebel\_ft,30.5,24.1,26.3,19.8,6.0,8.8
227,chat-gpt,15,page\_rank,all,70.0,0.5,rebel\_hf,34.3,20.9,25.3,23.5,2.9,4.9
688,chat-gpt,15,page\_rank,all,70.0,0.5,rebel\_ft,32.8,22.6,26.2,22.1,5.0,7.8
470,chat-gpt,15,page\_rank,all,70.0,0.7,rebel\_ft,32.8,22.6,26.2,21.4,4.8,7.5
606,chat-gpt,15,page\_rank,all,70.0,0.7,rebel\_hf,34.3,20.9,25.3,23.1,2.8,4.8
53,chat-gpt,15,page\_rank,single,15.0,0.5,rebel\_hf,18.0,22.1,19.2,8.0,7.0,7.0
278,chat-gpt,15,page\_rank,single,15.0,0.5,rebel\_ft,15.8,22.1,17.7,5.6,9.1,6.3
20,chat-gpt,15,page\_rank,single,15.0,0.7,rebel\_ft,15.8,22.1,17.7,5.6,9.1,6.3
41,chat-gpt,15,page\_rank,single,15.0,0.7,rebel\_hf,18.0,22.1,19.2,8.1,7.1,7.1
213,chat-gpt,15,page\_rank,single,30.0,0.5,rebel\_ft,24.5,23.6,23.2,12.3,7.8,8.9
706,chat-gpt,15,page\_rank,single,30.0,0.5,rebel\_hf,25.2,21.9,22.7,14.9,5.1,7.2
186,chat-gpt,15,page\_rank,single,30.0,0.7,rebel\_hf,25.2,21.9,22.7,15.3,5.2,7.3
740,chat-gpt,15,page\_rank,single,30.0,0.7,rebel\_ft,24.5,23.6,23.2,12.3,7.8,8.9
87,chat-gpt,15,page\_rank,single,50.0,0.5,rebel\_hf,30.4,20.3,23.6,18.5,3.4,5.5
736,chat-gpt,15,page\_rank,single,50.0,0.5,rebel\_ft,28.3,21.3,23.7,16.8,5.8,8.2
535,chat-gpt,15,page\_rank,single,50.0,0.7,rebel\_ft,28.3,21.3,23.7,16.8,5.8,8.2
756,chat-gpt,15,page\_rank,single,50.0,0.7,rebel\_hf,30.4,20.3,23.6,18.6,3.4,5.5
241,chat-gpt,15,page\_rank,single,70.0,0.5,rebel\_hf,32.5,19.9,24.0,21.0,3.0,5.0
577,chat-gpt,15,page\_rank,single,70.0,0.5,rebel\_ft,31.2,21.3,24.8,19.4,5.0,7.7
480,chat-gpt,15,page\_rank,single,70.0,0.7,rebel\_hf,32.5,19.9,24.0,20.9,3.0,5.0
607,chat-gpt,15,page\_rank,single,70.0,0.7,rebel\_ft,31.2,21.3,24.8,19.4,5.0,7.7
158,chat-gpt,15,tfidf,all,15.0,0.5,rebel\_ft,19.4,22.5,19.8,8.2,10.4,7.9
211,chat-gpt,15,tfidf,all,15.0,0.5,rebel\_hf,25.0,22.1,22.6,12.3,6.4,7.8
81,chat-gpt,15,tfidf,all,15.0,0.7,rebel\_ft,19.4,22.5,20.835322195704055,8.1,10.6,7.9
695,chat-gpt,15,tfidf,all,15.0,0.7,rebel\_hf,25.0,22.1,22.6,12.5,6.5,7.9
439,chat-gpt,15,tfidf,all,30.0,0.5,rebel\_ft,26.3,24.0,24.6,14.7,8.8,10.0
552,chat-gpt,15,tfidf,all,30.0,0.5,rebel\_hf,30.6,22.2,25.0,18.8,5.1,7.6
370,chat-gpt,15,tfidf,all,30.0,0.7,rebel\_ft,26.3,24.0,24.6,14.2,8.6,9.7
593,chat-gpt,15,tfidf,all,30.0,0.7,rebel\_hf,30.6,22.2,25.0,18.5,5.0,7.5
537,chat-gpt,15,tfidf,all,50.0,0.5,rebel\_hf,33.0,21.5,25.4,22.1,3.6,6.0
579,chat-gpt,15,tfidf,all,50.0,0.5,rebel\_ft,30.0,22.7,25.4,19.0,6.4,9.1
546,chat-gpt,15,tfidf,all,50.0,0.7,rebel\_ft,30.0,22.7,25.4,18.7,6.3,8.9
761,chat-gpt,15,tfidf,all,50.0,0.7,rebel\_hf,33.0,21.5,25.4,21.6,3.5,5.8
263,chat-gpt,15,tfidf,all,70.0,0.5,rebel\_hf,34.9,21.0,25.6,24.0,2.9,5.0
353,chat-gpt,15,tfidf,all,70.0,0.5,rebel\_ft,32.8,22.6,26.2,21.6,5.1,7.8
36,chat-gpt,15,tfidf,all,70.0,0.7,rebel\_ft,32.8,22.6,26.2,21.0,5.0,7.7
348,chat-gpt,15,tfidf,all,70.0,0.7,rebel\_hf,34.9,21.0,25.6,23.7,2.8,4.9
175,chat-gpt,15,tfidf,single,15.0,0.5,rebel\_hf,17.4,20.8,18.2,7.3,6.7,6.5
747,chat-gpt,15,tfidf,single,15.0,0.5,rebel\_ft,14.2,18.8,15.5,4.7,8.7,5.3
217,chat-gpt,15,tfidf,single,15.0,0.7,rebel\_ft,14.2,18.8,15.5,4.6,8.6,5.3
367,chat-gpt,15,tfidf,single,15.0,0.7,rebel\_hf,17.4,20.8,18.2,7.1,6.5,6.3
631,chat-gpt,15,tfidf,single,30.0,0.5,rebel\_ft,24.3,22.8,22.8,11.5,8.8,8.9
648,chat-gpt,15,tfidf,single,30.0,0.5,rebel\_hf,27.6,22.1,23.7,15.4,5.7,7.8
57,chat-gpt,15,tfidf,single,30.0,0.7,rebel\_hf,27.6,22.1,23.7,15.3,5.6,7.6
246,chat-gpt,15,tfidf,single,30.0,0.7,rebel\_ft,24.3,22.8,22.8,11.4,8.8,8.8
482,chat-gpt,15,tfidf,single,50.0,0.5,rebel\_ft,30.1,23.7,25.9,17.9,6.4,8.8
614,chat-gpt,15,tfidf,single,50.0,0.5,rebel\_hf,33.1,22.4,26.0,21.7,4.0,6.4
549,chat-gpt,15,tfidf,single,50.0,0.7,rebel\_ft,30.1,23.7,25.9,18.2,6.5,8.9
651,chat-gpt,15,tfidf,single,50.0,0.7,rebel\_hf,33.1,22.4,26.0,21.7,3.9,6.4
47,chat-gpt,15,tfidf,single,70.0,0.5,rebel\_ft,32.0,23.0,26.2,20.0,5.5,8.1
679,chat-gpt,15,tfidf,single,70.0,0.5,rebel\_hf,34.3,21.5,25.7,23.4,3.2,5.5
282,chat-gpt,15,tfidf,single,70.0,0.7,rebel\_hf,34.3,21.5,25.7,23.1,3.2,5.4
473,chat-gpt,15,tfidf,single,70.0,0.7,rebel\_ft,32.0,23.0,26.2,20.3,5.5,8.1
37,chat-gpt,15,word2vec,all,15.0,0.5,rebel\_hf,27.7,25.6,25.7,14.6,7.8,9.5
205,chat-gpt,15,word2vec,all,15.0,0.5,rebel\_ft,24.5,26.7,24.7,11.2,10.1,9.8
341,chat-gpt,15,word2vec,all,15.0,0.7,rebel\_ft,21.6,26.1,22.9,10.2,9.8,9.2
613,chat-gpt,15,word2vec,all,15.0,0.7,rebel\_hf,25.9,24.9,24.3,12.9,6.8,8.3
295,chat-gpt,15,word2vec,all,30.0,0.5,rebel\_hf,31.1,23.9,26.2,18.7,5.2,7.7
677,chat-gpt,15,word2vec,all,30.0,0.5,rebel\_ft,27.9,25.4,25.9,15.8,7.8,9.7
444,chat-gpt,15,word2vec,all,30.0,0.7,rebel\_hf,30.5,24.5,26.5,18.2,5.0,7.5
729,chat-gpt,15,word2vec,all,30.0,0.7,rebel\_ft,26.6,26.3,25.8,15.4,7.9,9.8
120,chat-gpt,15,word2vec,all,50.0,0.5,rebel\_hf,33.5,22.7,26.4,22.9,3.9,6.4
608,chat-gpt,15,word2vec,all,50.0,0.5,rebel\_ft,30.7,24.1,26.5,20.3,6.4,9.2
98,chat-gpt,15,word2vec,all,50.0,0.7,rebel\_ft,30.3,24.6,26.6,19.1,6.0,8.7
529,chat-gpt,15,word2vec,all,50.0,0.7,rebel\_hf,33.2,22.5,26.1,21.3,3.6,6.0
9,chat-gpt,15,word2vec,all,70.0,0.5,rebel\_ft,32.8,23.1,26.6,21.9,5.1,7.9
504,chat-gpt,15,word2vec,all,70.0,0.5,rebel\_hf,34.6,21.4,25.8,23.9,2.9,5.1
236,chat-gpt,15,word2vec,all,70.0,0.7,rebel\_ft,32.6,23.2,26.7,21.6,4.9,7.7
387,chat-gpt,15,word2vec,all,70.0,0.7,rebel\_hf,34.5,21.4,25.8,23.3,2.8,4.9
104,chat-gpt,15,word2vec,single,15.0,0.5,rebel\_ft,17.3,22.5,18.1,5.5,9.2,6.3
483,chat-gpt,15,word2vec,single,15.0,0.5,rebel\_hf,21.0,22.9,20.7,8.1,7.5,7.4
199,chat-gpt,15,word2vec,single,15.0,0.7,rebel\_ft,17.3,22.5,18.1,5.5,9.2,6.3
491,chat-gpt,15,word2vec,single,15.0,0.7,rebel\_hf,21.0,22.9,20.7,8.1,7.5,7.4
276,chat-gpt,15,word2vec,single,30.0,0.5,rebel\_ft,24.5,24.1,23.4,11.2,8.0,8.3
554,chat-gpt,15,word2vec,single,30.0,0.5,rebel\_hf,28.2,22.7,24.3,14.8,5.3,7.3
109,chat-gpt,15,word2vec,single,30.0,0.7,rebel\_hf,28.2,22.7,24.3,14.8,5.3,7.3
737,chat-gpt,15,word2vec,single,30.0,0.7,rebel\_ft,24.5,24.1,23.4,11.2,8.0,8.3
30,chat-gpt,15,word2vec,single,50.0,0.5,rebel\_hf,31.7,21.5,24.9,20.0,3.7,6.1
320,chat-gpt,15,word2vec,single,50.0,0.5,rebel\_ft,29.8,22.9,25.3,18.4,6.5,9.0
463,chat-gpt,15,word2vec,single,50.0,0.7,rebel\_ft,29.8,22.9,25.3,18.4,6.5,9.0
560,chat-gpt,15,word2vec,single,50.0,0.7,rebel\_hf,31.7,21.5,24.9,20.0,3.7,6.1
69,chat-gpt,15,word2vec,single,70.0,0.5,rebel\_hf,32.9,20.7,24.7,22.1,3.1,5.3
388,chat-gpt,15,word2vec,single,70.0,0.5,rebel\_ft,30.8,22.0,25.1,20.1,5.4,8.1
99,chat-gpt,15,word2vec,single,70.0,0.7,rebel\_ft,30.8,22.0,25.1,20.1,5.4,8.1
657,chat-gpt,15,word2vec,single,70.0,0.7,rebel\_hf,32.9,20.7,24.7,22.1,3.1,5.3
311,chat-gpt,30,page\_rank,all,15.0,0.5,rebel\_ft,25.6,27.5,25.7,12.3,9.1,9.9
476,chat-gpt,30,page\_rank,all,15.0,0.5,rebel\_hf,27.4,26.8,26.4,15.8,6.5,8.8
206,chat-gpt,30,page\_rank,all,15.0,0.7,rebel\_ft,25.6,27.5,25.7,12.5,9.1,9.9
216,chat-gpt,30,page\_rank,all,15.0,0.7,rebel\_hf,27.4,26.8,26.4,15.6,6.5,8.7
338,chat-gpt,30,page\_rank,all,30.0,0.5,rebel\_ft,30.2,25.8,27.2,16.8,6.3,8.7
382,chat-gpt,30,page\_rank,all,30.0,0.5,rebel\_hf,32.1,24.4,27.0,19.9,4.2,6.7
404,chat-gpt,30,page\_rank,all,30.0,0.7,rebel\_hf,32.1,24.4,27.0,20.1,4.2,6.7
452,chat-gpt,30,page\_rank,all,30.0,0.7,rebel\_ft,30.2,25.8,27.2,17.1,6.5,8.9
376,chat-gpt,30,page\_rank,all,50.0,0.5,rebel\_hf,34.6,22.1,26.3,23.0,2.9,5.0
553,chat-gpt,30,page\_rank,all,50.0,0.5,rebel\_ft,34.3,24.3,27.9,21.0,4.8,7.6
125,chat-gpt,30,page\_rank,all,50.0,0.7,rebel\_ft,34.3,24.3,27.9,21.1,4.8,7.6
137,chat-gpt,30,page\_rank,all,50.0,0.7,rebel\_hf,34.6,22.1,26.3,22.6,2.8,4.9
315,chat-gpt,30,page\_rank,all,70.0,0.5,rebel\_ft,35.6,23.1,27.5,23.1,3.8,6.3
765,chat-gpt,30,page\_rank,all,70.0,0.5,rebel\_hf,35.7,21.1,26.0,24.8,2.2,4.0
49,chat-gpt,30,page\_rank,all,70.0,0.7,rebel\_hf,35.7,21.1,26.0,24.8,2.2,4.0
464,chat-gpt,30,page\_rank,all,70.0,0.7,rebel\_ft,35.6,23.1,27.5,23.4,3.8,6.4
342,chat-gpt,30,page\_rank,single,15.0,0.5,rebel\_hf,21.3,22.5,21.4,8.8,5.7,6.4
653,chat-gpt,30,page\_rank,single,15.0,0.5,rebel\_ft,19.0,22.6,20.0,6.5,6.7,6.0
302,chat-gpt,30,page\_rank,single,15.0,0.7,rebel\_ft,19.0,22.6,20.0,6.5,6.7,6.0
355,chat-gpt,30,page\_rank,single,15.0,0.7,rebel\_hf,21.3,22.5,21.4,8.6,5.6,6.4
611,chat-gpt,30,page\_rank,single,30.0,0.5,rebel\_hf,28.0,21.8,24.0,17.3,4.3,6.7
720,chat-gpt,30,page\_rank,single,30.0,0.5,rebel\_ft,28.7,23.7,25.3,15.3,7.2,9.2
303,chat-gpt,30,page\_rank,single,30.0,0.7,rebel\_hf,28.0,21.8,24.0,17.3,4.3,6.7
360,chat-gpt,30,page\_rank,single,30.0,0.7,rebel\_ft,28.7,23.7,25.3,15.3,7.2,9.2
22,chat-gpt,30,page\_rank,single,50.0,0.5,rebel\_ft,33.2,23.8,27.2,20.1,5.1,7.8
731,chat-gpt,30,page\_rank,single,50.0,0.5,rebel\_hf,32.6,21.6,25.5,22.8,3.0,5.2
0,chat-gpt,30,page\_rank,single,50.0,0.7,rebel\_ft,33.2,23.8,27.2,20.1,5.1,7.8
696,chat-gpt,30,page\_rank,single,50.0,0.7,rebel\_hf,32.6,21.6,25.5,22.8,3.0,5.2
235,chat-gpt,30,page\_rank,single,70.0,0.5,rebel\_ft,34.7,22.7,26.9,22.1,4.0,6.6
312,chat-gpt,30,page\_rank,single,70.0,0.5,rebel\_hf,35.1,20.7,25.4,24.3,2.4,4.3
112,chat-gpt,30,page\_rank,single,70.0,0.7,rebel\_hf,35.1,20.7,25.4,24.3,2.4,4.3
307,chat-gpt,30,page\_rank,single,70.0,0.7,rebel\_ft,34.7,22.7,26.9,22.1,4.0,6.6
1,chat-gpt,30,tfidf,all,15.0,0.5,rebel\_hf,27.0,21.6,23.0,13.7,5.1,7.0
436,chat-gpt,30,tfidf,all,15.0,0.5,rebel\_ft,23.0,23.1,21.8,9.8,8.4,8.2
300,chat-gpt,30,tfidf,all,15.0,0.7,rebel\_hf,27.0,21.6,23.0,13.7,5.1,7.0
372,chat-gpt,30,tfidf,all,15.0,0.7,rebel\_ft,23.0,23.1,21.8,9.7,8.2,8.1
275,chat-gpt,30,tfidf,all,30.0,0.5,rebel\_hf,33.0,21.6,25.4,20.3,3.8,6.2
644,chat-gpt,30,tfidf,all,30.0,0.5,rebel\_ft,30.5,23.8,26.1,17.2,6.6,9.1
359,chat-gpt,30,tfidf,all,30.0,0.7,rebel\_ft,30.5,23.8,26.1,17.3,6.6,9.2
391,chat-gpt,30,tfidf,all,30.0,0.7,rebel\_hf,33.0,21.6,25.4,20.5,3.9,6.3
11,chat-gpt,30,tfidf,all,50.0,0.5,rebel\_hf,35.1,21.1,25.8,23.3,2.7,4.8
153,chat-gpt,30,tfidf,all,50.0,0.5,rebel\_ft,33.3,22.8,26.6,20.3,4.7,7.3
222,chat-gpt,30,tfidf,all,50.0,0.7,rebel\_hf,35.1,21.1,25.8,23.6,2.8,4.8
525,chat-gpt,30,tfidf,all,50.0,0.7,rebel\_ft,33.3,22.8,26.6,20.4,4.7,7.3
210,chat-gpt,30,tfidf,all,70.0,0.5,rebel\_hf,36.2,20.6,25.7,25.3,2.2,3.9
253,chat-gpt,30,tfidf,all,70.0,0.5,rebel\_ft,34.7,22.6,26.9,22.5,3.9,6.4
14,chat-gpt,30,tfidf,all,70.0,0.7,rebel\_ft,34.7,22.6,26.9,22.4,3.8,6.3
726,chat-gpt,30,tfidf,all,70.0,0.7,rebel\_hf,36.2,20.6,25.7,24.8,2.1,3.9
200,chat-gpt,30,tfidf,single,15.0,0.5,rebel\_ft,20.0,22.4,20.5,7.3,9.1,7.6
284,chat-gpt,30,tfidf,single,15.0,0.5,rebel\_hf,22.5,20.8,21.1,8.8,5.9,6.7
673,chat-gpt,30,tfidf,single,15.0,0.7,rebel\_ft,20.0,22.4,20.5,7.3,8.9,7.5
716,chat-gpt,30,tfidf,single,15.0,0.7,rebel\_hf,22.5,20.8,21.1,9.1,6.2,6.9
257,chat-gpt,30,tfidf,single,30.0,0.5,rebel\_ft,28.2,23.3,25.0,15.3,6.9,8.9
652,chat-gpt,30,tfidf,single,30.0,0.5,rebel\_hf,30.6,21.6,24.7,19.1,4.4,6.9
106,chat-gpt,30,tfidf,single,30.0,0.7,rebel\_ft,28.2,23.3,25.0,15.3,7.0,9.0
719,chat-gpt,30,tfidf,single,30.0,0.7,rebel\_hf,30.6,21.6,24.7,18.7,4.4,6.8
383,chat-gpt,30,tfidf,single,50.0,0.5,rebel\_hf,34.1,21.2,25.6,22.9,2.9,5.1
428,chat-gpt,30,tfidf,single,50.0,0.5,rebel\_ft,32.7,22.4,26.0,20.0,4.9,7.5
485,chat-gpt,30,tfidf,single,50.0,0.7,rebel\_hf,34.1,21.2,25.6,23.3,3.0,5.1
634,chat-gpt,30,tfidf,single,50.0,0.7,rebel\_ft,32.7,22.4,26.0,20.3,4.9,7.6
244,chat-gpt,30,tfidf,single,70.0,0.5,rebel\_ft,34.8,22.6,26.8,21.8,4.1,6.6
398,chat-gpt,30,tfidf,single,70.0,0.5,rebel\_hf,35.6,20.6,25.5,24.6,2.4,4.3
141,chat-gpt,30,tfidf,single,70.0,0.7,rebel\_hf,35.6,20.6,25.5,24.6,2.4,4.3
722,chat-gpt,30,tfidf,single,70.0,0.7,rebel\_ft,34.8,22.6,26.8,22.4,4.1,6.8
62,chat-gpt,30,word2vec,all,15.0,0.5,rebel\_hf,28.7,26.7,26.8,15.4,6.0,8.2
102,chat-gpt,30,word2vec,all,15.0,0.5,rebel\_ft,25.8,27.8,25.7,11.6,8.5,9.1
195,chat-gpt,30,word2vec,all,15.0,0.7,rebel\_ft,25.7,28.7,26.2,12.4,9.3,9.8
759,chat-gpt,30,word2vec,all,15.0,0.7,rebel\_hf,28.0,26.5,26.5,16.2,6.5,8.8
89,chat-gpt,30,word2vec,all,30.0,0.5,rebel\_hf,32.0,24.4,27.0,19.7,4.0,6.3
134,chat-gpt,30,word2vec,all,30.0,0.5,rebel\_ft,30.0,26.7,27.6,16.1,6.5,8.7
506,chat-gpt,30,word2vec,all,30.0,0.7,rebel\_ft,29.9,27.5,27.5,16.6,6.9,8.9
526,chat-gpt,30,word2vec,all,30.0,0.7,rebel\_hf,32.2,24.8,27.2,20.2,4.0,6.4
215,chat-gpt,30,word2vec,all,50.0,0.5,rebel\_hf,34.7,22.5,26.7,23.2,2.8,4.9
642,chat-gpt,30,word2vec,all,50.0,0.5,rebel\_ft,33.6,24.4,27.8,21.1,4.9,7.6
26,chat-gpt,30,word2vec,all,50.0,0.7,rebel\_hf,34.8,22.6,26.7,23.2,2.8,4.9
185,chat-gpt,30,word2vec,all,50.0,0.7,rebel\_ft,33.7,24.7,28.0,21.0,4.7,7.5
269,chat-gpt,30,word2vec,all,70.0,0.5,rebel\_ft,35.4,23.3,27.7,23.0,3.8,6.3
362,chat-gpt,30,word2vec,all,70.0,0.5,rebel\_hf,36.2,21.2,26.1,25.2,2.2,4.0
596,chat-gpt,30,word2vec,all,70.0,0.7,rebel\_ft,35.6,23.3,27.7,23.2,3.8,6.4
733,chat-gpt,30,word2vec,all,70.0,0.7,rebel\_hf,36.0,21.2,26.1,24.7,2.2,4.0
437,chat-gpt,30,word2vec,single,15.0,0.5,rebel\_hf,21.3,20.3,20.2,8.4,5.1,6.0
663,chat-gpt,30,word2vec,single,15.0,0.5,rebel\_ft,18.4,22.0,19.3,6.6,7.8,6.5
523,chat-gpt,30,word2vec,single,15.0,0.7,rebel\_ft,18.4,22.0,19.3,6.6,7.8,6.5
724,chat-gpt,30,word2vec,single,15.0,0.7,rebel\_hf,21.3,20.3,20.2,8.4,5.1,6.0
85,chat-gpt,30,word2vec,single,30.0,0.5,rebel\_ft,26.8,22.7,23.6,12.9,6.0,7.4
131,chat-gpt,30,word2vec,single,30.0,0.5,rebel\_hf,28.5,20.7,23.1,17.0,4.0,6.2
584,chat-gpt,30,word2vec,single,30.0,0.7,rebel\_ft,26.8,22.7,23.6,12.9,6.0,7.4
656,chat-gpt,30,word2vec,single,30.0,0.7,rebel\_hf,28.5,20.7,23.1,17.0,4.0,6.2
71,chat-gpt,30,word2vec,single,50.0,0.5,rebel\_hf,32.9,20.2,24.3,21.9,2.8,4.9
514,chat-gpt,30,word2vec,single,50.0,0.5,rebel\_ft,31.5,21.8,25.3,17.3,4.3,6.6
561,chat-gpt,30,word2vec,single,50.0,0.7,rebel\_ft,31.5,21.8,25.3,17.3,4.3,6.6
683,chat-gpt,30,word2vec,single,50.0,0.7,rebel\_hf,32.9,20.2,24.3,21.9,2.8,4.9
124,chat-gpt,30,word2vec,single,70.0,0.5,rebel\_ft,33.3,21.1,25.3,20.0,3.6,5.9
164,chat-gpt,30,word2vec,single,70.0,0.5,rebel\_hf,34.7,19.8,24.5,23.5,2.2,4.0
431,chat-gpt,30,word2vec,single,70.0,0.7,rebel\_hf,34.7,19.8,24.5,23.5,2.2,4.0
566,chat-gpt,30,word2vec,single,70.0,0.7,rebel\_ft,33.3,21.1,25.3,20.0,3.6,5.9
636,chat-gpt,50,page\_rank,all,15.0,0.5,rebel\_ft,24.2,26.5,24.7,12.2,8.1,9.2
758,chat-gpt,50,page\_rank,all,15.0,0.5,rebel\_hf,27.0,23.4,24.6,15.1,5.9,8.1
114,chat-gpt,50,page\_rank,all,15.0,0.7,rebel\_ft,24.2,26.5,24.7,12.0,8.0,9.1
538,chat-gpt,50,page\_rank,all,15.0,0.7,rebel\_hf,27.0,23.4,24.6,15.0,5.9,8.1
191,chat-gpt,50,page\_rank,all,30.0,0.5,rebel\_ft,30.2,26.3,27.7,17.2,6.1,8.5
402,chat-gpt,50,page\_rank,all,30.0,0.5,rebel\_hf,32.4,22.9,26.3,19.9,3.8,6.1
63,chat-gpt,50,page\_rank,all,30.0,0.7,rebel\_ft,30.2,26.3,27.7,17.1,6.1,8.5
354,chat-gpt,50,page\_rank,all,30.0,0.7,rebel\_hf,32.4,22.9,26.3,20.3,3.8,6.2
347,chat-gpt,50,page\_rank,all,50.0,0.5,rebel\_hf,35.4,21.6,26.2,24.9,2.8,4.8
655,chat-gpt,50,page\_rank,all,50.0,0.5,rebel\_ft,33.3,23.7,27.1,21.0,4.3,6.9
322,chat-gpt,50,page\_rank,all,50.0,0.7,rebel\_hf,35.4,21.6,26.2,25.0,2.7,4.8
689,chat-gpt,50,page\_rank,all,50.0,0.7,rebel\_ft,33.3,23.7,27.1,21.1,4.3,6.9
24,chat-gpt,50,page\_rank,all,70.0,0.5,rebel\_ft,34.8,22.4,26.9,23.0,3.4,5.8
418,chat-gpt,50,page\_rank,all,70.0,0.5,rebel\_hf,36.3,20.6,25.8,26.5,2.2,3.9
172,chat-gpt,50,page\_rank,all,70.0,0.7,rebel\_ft,34.8,22.4,26.9,23.1,3.4,5.7
565,chat-gpt,50,page\_rank,all,70.0,0.7,rebel\_hf,36.3,20.6,25.8,26.5,2.1,3.9
169,chat-gpt,50,page\_rank,single,15.0,0.5,rebel\_ft,21.4,22.9,21.5,8.9,6.8,6.9
544,chat-gpt,50,page\_rank,single,15.0,0.5,rebel\_hf,24.7,21.3,22.3,12.2,5.5,7.2
536,chat-gpt,50,page\_rank,single,15.0,0.7,rebel\_ft,21.4,22.9,21.5,8.9,6.8,6.9
711,chat-gpt,50,page\_rank,single,15.0,0.7,rebel\_hf,24.7,21.3,22.3,12.1,5.4,7.1
384,chat-gpt,50,page\_rank,single,30.0,0.5,rebel\_ft,27.5,22.2,24.2,15.3,5.9,7.9
691,chat-gpt,50,page\_rank,single,30.0,0.5,rebel\_hf,29.9,20.9,24.1,18.5,3.8,6.1
440,chat-gpt,50,page\_rank,single,30.0,0.7,rebel\_ft,27.5,22.2,24.2,15.3,5.9,7.9
628,chat-gpt,50,page\_rank,single,30.0,0.7,rebel\_hf,29.9,20.9,24.1,18.5,3.8,6.1
155,chat-gpt,50,page\_rank,single,50.0,0.5,rebel\_ft,32.8,22.4,26.1,19.9,4.4,6.9
643,chat-gpt,50,page\_rank,single,50.0,0.5,rebel\_hf,34.4,20.6,25.2,23.7,2.8,4.9
183,chat-gpt,50,page\_rank,single,50.0,0.7,rebel\_ft,32.8,22.4,26.1,19.9,4.4,6.9
190,chat-gpt,50,page\_rank,single,50.0,0.7,rebel\_hf,34.4,20.6,25.2,23.6,2.8,4.8
103,chat-gpt,50,page\_rank,single,70.0,0.5,rebel\_hf,35.6,19.9,24.9,25.1,2.2,4.0
547,chat-gpt,50,page\_rank,single,70.0,0.5,rebel\_ft,34.4,21.5,26.1,21.8,3.5,5.8
459,chat-gpt,50,page\_rank,single,70.0,0.7,rebel\_hf,35.6,19.9,24.9,24.9,2.2,4.0
462,chat-gpt,50,page\_rank,single,70.0,0.7,rebel\_ft,34.4,21.5,26.1,21.6,3.5,5.8
204,chat-gpt,50,tfidf,all,15.0,0.5,rebel\_ft,23.4,22.9,21.9,10.5,7.7,7.7
583,chat-gpt,50,tfidf,all,15.0,0.5,rebel\_hf,27.4,21.2,23.2,15.2,5.2,7.3
45,chat-gpt,50,tfidf,all,15.0,0.7,rebel\_hf,27.4,21.2,23.2,15.1,5.1,7.2
468,chat-gpt,50,tfidf,all,15.0,0.7,rebel\_ft,23.4,22.9,21.9,10.7,7.8,7.8
44,chat-gpt,50,tfidf,all,30.0,0.5,rebel\_hf,32.5,21.2,24.9,21.3,3.7,6.0
509,chat-gpt,50,tfidf,all,30.0,0.5,rebel\_ft,29.3,23.0,25.1,16.6,6.0,8.1
61,chat-gpt,50,tfidf,all,30.0,0.7,rebel\_hf,32.5,21.2,24.9,21.4,3.7,6.1
233,chat-gpt,50,tfidf,all,30.0,0.7,rebel\_ft,29.3,23.0,25.1,16.0,5.9,7.9
165,chat-gpt,50,tfidf,all,50.0,0.5,rebel\_hf,34.5,20.6,25.0,24.0,2.6,4.5
676,chat-gpt,50,tfidf,all,50.0,0.5,rebel\_ft,32.0,22.2,25.7,20.4,4.5,7.0
277,chat-gpt,50,tfidf,all,50.0,0.7,rebel\_ft,32.0,22.2,25.7,19.9,4.3,6.7
548,chat-gpt,50,tfidf,all,50.0,0.7,rebel\_hf,34.5,20.6,25.0,23.9,2.5,4.5
599,chat-gpt,50,tfidf,all,70.0,0.5,rebel\_ft,35.1,22.3,26.8,23.0,3.6,5.9
665,chat-gpt,50,tfidf,all,70.0,0.5,rebel\_hf,36.2,20.2,25.3,25.7,2.0,3.7
5,chat-gpt,50,tfidf,all,70.0,0.7,rebel\_ft,35.1,22.3,26.8,22.8,3.5,5.8
267,chat-gpt,50,tfidf,all,70.0,0.7,rebel\_hf,36.2,20.2,25.3,26.4,2.1,3.8
72,chat-gpt,50,tfidf,single,15.0,0.5,rebel\_hf,26.8,21.4,22.9,13.6,7.1,8.6
254,chat-gpt,50,tfidf,single,15.0,0.5,rebel\_ft,21.1,22.3,20.4,8.6,9.9,8.0
345,chat-gpt,50,tfidf,single,15.0,0.7,rebel\_ft,21.1,22.3,20.4,8.7,10.2,8.2
427,chat-gpt,50,tfidf,single,15.0,0.7,rebel\_hf,26.8,21.4,22.9,13.7,7.0,8.5
569,chat-gpt,50,tfidf,single,30.0,0.5,rebel\_ft,27.6,22.5,24.2,15.8,6.4,8.4
618,chat-gpt,50,tfidf,single,30.0,0.5,rebel\_hf,31.5,21.1,24.6,20.4,4.3,6.8
298,chat-gpt,50,tfidf,single,30.0,0.7,rebel\_ft,27.6,22.5,24.2,15.9,6.4,8.4
327,chat-gpt,50,tfidf,single,30.0,0.7,rebel\_hf,31.5,21.1,24.6,20.2,4.2,6.7
140,chat-gpt,50,tfidf,single,50.0,0.5,rebel\_hf,34.6,21.0,25.5,24.3,2.8,4.9
474,chat-gpt,50,tfidf,single,50.0,0.5,rebel\_ft,31.9,22.6,25.9,19.4,4.3,6.7
438,chat-gpt,50,tfidf,single,50.0,0.7,rebel\_hf,34.6,21.0,25.5,23.8,2.7,4.8
654,chat-gpt,50,tfidf,single,50.0,0.7,rebel\_ft,31.9,22.6,25.9,19.6,4.4,6.8
250,chat-gpt,50,tfidf,single,70.0,0.5,rebel\_ft,35.2,22.3,26.8,22.1,3.7,6.1
478,chat-gpt,50,tfidf,single,70.0,0.5,rebel\_hf,36.3,20.6,25.7,25.8,2.3,4.1
194,chat-gpt,50,tfidf,single,70.0,0.7,rebel\_hf,36.3,20.6,25.7,25.1,2.2,3.9
329,chat-gpt,50,tfidf,single,70.0,0.7,rebel\_ft,35.2,22.3,26.8,22.6,3.7,6.1
410,chat-gpt,50,word2vec,all,15.0,0.5,rebel\_ft,26.5,26.5,25.6,14.1,9.7,10.2
685,chat-gpt,50,word2vec,all,15.0,0.5,rebel\_hf,28.6,24.1,25.2,17.6,5.9,8.2
119,chat-gpt,50,word2vec,all,15.0,0.7,rebel\_ft,26.2,27.3,25.8,14.4,9.5,10.2
373,chat-gpt,50,word2vec,all,15.0,0.7,rebel\_hf,29.2,25.1,26.0,18.0,5.9,8.4
330,chat-gpt,50,word2vec,all,30.0,0.5,rebel\_hf,33.3,23.4,26.6,20.9,3.7,6.0
707,chat-gpt,50,word2vec,all,30.0,0.5,rebel\_ft,31.0,26.7,27.9,18.0,6.3,8.5
714,chat-gpt,50,word2vec,all,30.0,0.7,rebel\_hf,32.9,23.3,26.4,21.1,3.8,6.2
743,chat-gpt,50,word2vec,all,30.0,0.7,rebel\_ft,30.2,25.8,27.0,17.5,6.2,8.4
178,chat-gpt,50,word2vec,all,50.0,0.5,rebel\_hf,35.6,22.2,26.6,23.6,2.6,4.6
193,chat-gpt,50,word2vec,all,50.0,0.5,rebel\_ft,33.8,24.3,27.7,20.8,4.3,6.8
265,chat-gpt,50,word2vec,all,50.0,0.7,rebel\_hf,35.6,21.9,26.4,23.7,2.6,4.6
290,chat-gpt,50,word2vec,all,50.0,0.7,rebel\_ft,34.0,24.1,27.6,20.4,4.3,6.8
496,chat-gpt,50,word2vec,all,70.0,0.5,rebel\_ft,35.6,23.0,27.4,22.5,3.4,5.7
741,chat-gpt,50,word2vec,all,70.0,0.5,rebel\_hf,37.0,20.9,26.1,26.4,2.1,3.8
226,chat-gpt,50,word2vec,all,70.0,0.7,rebel\_hf,37.0,20.8,26.0,26.1,2.1,3.8
465,chat-gpt,50,word2vec,all,70.0,0.7,rebel\_ft,35.2,23.0,27.3,22.4,3.5,5.8
337,chat-gpt,50,word2vec,single,15.0,0.5,rebel\_ft,21.5,21.3,20.4,9.1,7.7,7.6
358,chat-gpt,50,word2vec,single,15.0,0.5,rebel\_hf,25.3,21.4,22.4,12.3,5.8,7.4
142,chat-gpt,50,word2vec,single,15.0,0.7,rebel\_hf,25.3,21.4,22.4,12.3,5.8,7.4
563,chat-gpt,50,word2vec,single,15.0,0.7,rebel\_ft,21.5,21.3,20.4,9.1,7.7,7.6
115,chat-gpt,50,word2vec,single,30.0,0.5,rebel\_ft,27.2,21.7,23.7,14.3,5.8,7.7
490,chat-gpt,50,word2vec,single,30.0,0.5,rebel\_hf,30.6,21.1,24.4,19.5,4.1,6.5
288,chat-gpt,50,word2vec,single,30.0,0.7,rebel\_ft,27.2,21.7,23.7,14.3,5.8,7.7
732,chat-gpt,50,word2vec,single,30.0,0.7,rebel\_hf,30.6,21.1,24.4,19.5,4.1,6.5
177,chat-gpt,50,word2vec,single,50.0,0.5,rebel\_hf,33.3,20.4,24.8,22.8,2.7,4.7
750,chat-gpt,50,word2vec,single,50.0,0.5,rebel\_ft,32.3,22.1,25.7,19.1,4.3,6.8
453,chat-gpt,50,word2vec,single,50.0,0.7,rebel\_hf,33.3,20.4,24.8,22.8,2.7,4.7
721,chat-gpt,50,word2vec,single,50.0,0.7,rebel\_ft,32.3,22.1,25.7,19.1,4.4,6.8
301,chat-gpt,50,word2vec,single,70.0,0.5,rebel\_hf,35.4,20.1,25.1,24.6,2.2,3.9
558,chat-gpt,50,word2vec,single,70.0,0.5,rebel\_ft,34.2,21.6,26.0,21.3,3.5,5.8
27,chat-gpt,50,word2vec,single,70.0,0.7,rebel\_ft,34.2,21.6,26.0,21.3,3.5,5.8
221,chat-gpt,50,word2vec,single,70.0,0.7,rebel\_hf,35.4,20.1,25.1,24.6,2.2,3.9
414,chat-gpt,70,page\_rank,all,15.0,0.5,rebel\_ft,25.7,26.9,25.9,13.8,8.2,9.6
564,chat-gpt,70,page\_rank,all,15.0,0.5,rebel\_hf,27.4,24.8,25.4,16.3,5.6,8.0
346,chat-gpt,70,page\_rank,all,15.0,0.7,rebel\_hf,27.4,24.8,25.4,16.2,5.6,7.9
739,chat-gpt,70,page\_rank,all,15.0,0.7,rebel\_ft,25.7,26.9,25.9,13.7,8.2,9.6
380,chat-gpt,70,page\_rank,all,30.0,0.5,rebel\_hf,31.4,23.3,26.0,21.0,3.6,6.0
488,chat-gpt,70,page\_rank,all,30.0,0.5,rebel\_ft,30.2,25.8,26.9,17.7,5.5,7.9
56,chat-gpt,70,page\_rank,all,30.0,0.7,rebel\_ft,30.2,25.8,26.9,17.8,5.6,8.0
314,chat-gpt,70,page\_rank,all,30.0,0.7,rebel\_hf,31.4,23.3,26.0,21.1,3.7,6.1
511,chat-gpt,70,page\_rank,all,50.0,0.5,rebel\_ft,34.1,23.9,27.5,21.4,4.0,6.5
760,chat-gpt,70,page\_rank,all,50.0,0.5,rebel\_hf,34.8,21.8,26.3,24.3,2.6,4.5
202,chat-gpt,70,page\_rank,all,50.0,0.7,rebel\_ft,34.1,23.9,27.5,21.6,4.1,6.6
448,chat-gpt,70,page\_rank,all,50.0,0.7,rebel\_hf,34.8,21.8,26.3,24.2,2.6,4.5
371,chat-gpt,70,page\_rank,all,70.0,0.5,rebel\_ft,35.7,22.4,27.0,23.5,3.1,5.4
456,chat-gpt,70,page\_rank,all,70.0,0.5,rebel\_hf,36.1,20.7,25.8,26.1,2.0,3.6
261,chat-gpt,70,page\_rank,all,70.0,0.7,rebel\_ft,35.7,22.4,27.0,23.4,3.1,5.4
305,chat-gpt,70,page\_rank,all,70.0,0.7,rebel\_hf,36.1,20.7,25.8,26.3,2.0,3.6
364,chat-gpt,70,page\_rank,single,15.0,0.5,rebel\_ft,21.6,24.5,22.6,11.0,8.0,8.6
455,chat-gpt,70,page\_rank,single,15.0,0.5,rebel\_hf,24.9,23.6,23.7,13.4,6.8,8.5
143,chat-gpt,70,page\_rank,single,15.0,0.7,rebel\_hf,24.9,23.6,23.7,13.4,6.8,8.5
635,chat-gpt,70,page\_rank,single,15.0,0.7,rebel\_ft,21.6,24.5,22.6,11.0,8.0,8.6
321,chat-gpt,70,page\_rank,single,30.0,0.5,rebel\_hf,30.7,22.3,25.3,19.4,4.1,6.6
735,chat-gpt,70,page\_rank,single,30.0,0.5,rebel\_ft,27.6,23.3,24.8,15.5,5.3,7.5
174,chat-gpt,70,page\_rank,single,30.0,0.7,rebel\_ft,27.6,23.3,24.8,15.5,5.3,7.5
256,chat-gpt,70,page\_rank,single,30.0,0.7,rebel\_hf,30.7,22.3,25.3,19.4,4.1,6.6
697,chat-gpt,70,page\_rank,single,50.0,0.5,rebel\_ft,32.7,22.7,26.3,20.7,4.0,6.4
713,chat-gpt,70,page\_rank,single,50.0,0.5,rebel\_hf,34.0,21.3,25.7,23.1,2.5,4.4
555,chat-gpt,70,page\_rank,single,50.0,0.7,rebel\_ft,32.7,22.7,26.3,20.7,4.0,6.4
620,chat-gpt,70,page\_rank,single,50.0,0.7,rebel\_hf,34.0,21.3,25.7,23.3,2.6,4.5
258,chat-gpt,70,page\_rank,single,70.0,0.5,rebel\_hf,35.4,20.4,25.4,25.2,2.0,3.7
432,chat-gpt,70,page\_rank,single,70.0,0.5,rebel\_ft,34.7,21.7,26.2,22.9,3.2,5.5
136,chat-gpt,70,page\_rank,single,70.0,0.7,rebel\_ft,34.7,21.7,26.2,23.1,3.2,5.5
280,chat-gpt,70,page\_rank,single,70.0,0.7,rebel\_hf,35.4,20.4,25.4,25.4,2.0,3.7
32,chat-gpt,70,tfidf,all,15.0,0.5,rebel\_ft,23.4,22.2,22.2,11.5,7.2,8.3
309,chat-gpt,70,tfidf,all,15.0,0.5,rebel\_hf,27.6,21.2,23.4,16.0,4.9,7.2
238,chat-gpt,70,tfidf,all,15.0,0.7,rebel\_hf,27.6,21.2,23.4,15.7,4.8,7.1
598,chat-gpt,70,tfidf,all,15.0,0.7,rebel\_ft,23.4,22.2,22.78421052631579,11.4,7.0,8.2
292,chat-gpt,70,tfidf,all,30.0,0.5,rebel\_hf,32.4,21.2,25.0,21.0,3.4,5.7
489,chat-gpt,70,tfidf,all,30.0,0.5,rebel\_ft,29.5,22.3,24.9,17.4,5.4,7.9
289,chat-gpt,70,tfidf,all,30.0,0.7,rebel\_hf,32.4,21.2,25.0,20.7,3.4,5.6
328,chat-gpt,70,tfidf,all,30.0,0.7,rebel\_ft,29.5,22.3,24.9,17.0,5.3,7.7
166,chat-gpt,70,tfidf,all,50.0,0.5,rebel\_hf,34.6,20.3,25.0,23.4,2.4,4.2
310,chat-gpt,70,tfidf,all,50.0,0.5,rebel\_ft,32.7,21.8,25.6,20.4,3.8,6.2
21,chat-gpt,70,tfidf,all,50.0,0.7,rebel\_hf,34.6,20.3,25.0,23.7,2.4,4.3
232,chat-gpt,70,tfidf,all,50.0,0.7,rebel\_ft,32.7,21.8,25.6,20.4,3.8,6.2
157,chat-gpt,70,tfidf,all,70.0,0.5,rebel\_hf,36.9,19.8,25.3,26.2,1.9,3.5
630,chat-gpt,70,tfidf,all,70.0,0.5,rebel\_ft,35.6,21.3,26.1,23.4,3.1,5.4
73,chat-gpt,70,tfidf,all,70.0,0.7,rebel\_ft,35.6,21.3,26.1,23.3,3.1,5.4
749,chat-gpt,70,tfidf,all,70.0,0.7,rebel\_hf,36.9,19.8,25.3,26.1,1.9,3.5
446,chat-gpt,70,tfidf,single,15.0,0.5,rebel\_ft,19.2,21.1,19.7,8.1,6.6,6.7
589,chat-gpt,70,tfidf,single,15.0,0.5,rebel\_hf,24.7,20.7,21.7,11.1,5.0,6.4
415,chat-gpt,70,tfidf,single,15.0,0.7,rebel\_hf,24.7,20.7,21.7,11.3,5.1,6.6
505,chat-gpt,70,tfidf,single,15.0,0.7,rebel\_ft,19.2,21.1,19.7,8.1,6.4,6.6
641,chat-gpt,70,tfidf,single,30.0,0.5,rebel\_ft,28.5,23.1,25.0,15.2,5.3,7.5
717,chat-gpt,70,tfidf,single,30.0,0.5,rebel\_hf,31.6,21.2,24.8,19.2,3.8,6.1
130,chat-gpt,70,tfidf,single,30.0,0.7,rebel\_hf,31.6,21.2,24.8,19.7,3.8,6.2
659,chat-gpt,70,tfidf,single,30.0,0.7,rebel\_ft,28.5,23.1,25.0,15.1,5.3,7.4
580,chat-gpt,70,tfidf,single,50.0,0.5,rebel\_ft,33.5,22.4,26.4,20.0,3.9,6.3
605,chat-gpt,70,tfidf,single,50.0,0.5,rebel\_hf,35.0,20.7,25.4,22.8,2.5,4.3
176,chat-gpt,70,tfidf,single,50.0,0.7,rebel\_ft,33.5,22.4,26.4,20.5,4.0,6.5
516,chat-gpt,70,tfidf,single,50.0,0.7,rebel\_hf,35.0,20.7,25.4,22.7,2.4,4.3
23,chat-gpt,70,tfidf,single,70.0,0.5,rebel\_hf,36.4,20.3,25.5,25.2,2.0,3.7
571,chat-gpt,70,tfidf,single,70.0,0.5,rebel\_ft,35.1,21.8,26.4,22.5,3.2,5.5
80,chat-gpt,70,tfidf,single,70.0,0.7,rebel\_ft,35.1,21.8,26.4,22.7,3.3,5.6
339,chat-gpt,70,tfidf,single,70.0,0.7,rebel\_hf,36.4,20.3,25.5,25.3,2.0,3.7
567,chat-gpt,70,word2vec,all,15.0,0.5,rebel\_ft,25.9,28.2,26.2,13.7,7.7,9.3
624,chat-gpt,70,word2vec,all,15.0,0.5,rebel\_hf,28.6,25.9,26.5,17.0,5.6,8.1
447,chat-gpt,70,word2vec,all,15.0,0.7,rebel\_ft,26.2,30.2,26.6,13.3,9.5,9.8
755,chat-gpt,70,word2vec,all,15.0,0.7,rebel\_hf,28.5,25.8,26.4,17.2,5.9,8.4
530,chat-gpt,70,word2vec,all,30.0,0.5,rebel\_hf,32.2,23.4,26.4,20.8,3.5,5.9
727,chat-gpt,70,word2vec,all,30.0,0.5,rebel\_ft,30.0,26.0,27.2,16.6,4.9,7.2
365,chat-gpt,70,word2vec,all,30.0,0.7,rebel\_hf,32.6,23.3,26.6,21.4,3.6,6.0
411,chat-gpt,70,word2vec,all,30.0,0.7,rebel\_ft,30.1,26.5,27.3,16.8,5.9,7.8
409,chat-gpt,70,word2vec,all,50.0,0.5,rebel\_ft,34.2,24.7,28.1,21.2,4.1,6.5
702,chat-gpt,70,word2vec,all,50.0,0.5,rebel\_hf,35.2,22.2,26.7,24.8,2.5,4.5
574,chat-gpt,70,word2vec,all,50.0,0.7,rebel\_hf,35.3,22.1,26.6,24.2,2.4,4.3
746,chat-gpt,70,word2vec,all,50.0,0.7,rebel\_ft,33.2,24.4,27.5,20.8,4.1,6.4
625,chat-gpt,70,word2vec,all,70.0,0.5,rebel\_ft,35.9,22.9,27.5,24.1,3.2,5.5
640,chat-gpt,70,word2vec,all,70.0,0.5,rebel\_hf,36.8,21.0,26.3,26.4,2.0,3.6
122,chat-gpt,70,word2vec,all,70.0,0.7,rebel\_hf,36.8,21.0,26.2,26.2,1.9,3.6
271,chat-gpt,70,word2vec,all,70.0,0.7,rebel\_ft,36.0,22.7,27.3,23.5,3.1,5.4
67,chat-gpt,70,word2vec,single,15.0,0.5,rebel\_hf,25.3,22.9,23.4,12.5,6.0,7.5
708,chat-gpt,70,word2vec,single,15.0,0.5,rebel\_ft,22.2,24.1,22.5,10.1,8.5,8.3
394,chat-gpt,70,word2vec,single,15.0,0.7,rebel\_ft,22.2,24.1,22.5,10.1,8.5,8.3
445,chat-gpt,70,word2vec,single,15.0,0.7,rebel\_hf,25.3,22.9,23.4,12.5,6.0,7.5
126,chat-gpt,70,word2vec,single,30.0,0.5,rebel\_hf,30.6,21.3,24.5,18.6,3.8,6.1
138,chat-gpt,70,word2vec,single,30.0,0.5,rebel\_ft,28.3,23.0,24.8,15.8,5.6,7.9
343,chat-gpt,70,word2vec,single,30.0,0.7,rebel\_hf,30.6,21.3,24.5,18.6,3.8,6.1
545,chat-gpt,70,word2vec,single,30.0,0.7,rebel\_ft,28.3,23.0,24.8,15.8,5.6,7.9
203,chat-gpt,70,word2vec,single,50.0,0.5,rebel\_hf,34.3,20.8,25.3,22.8,2.4,4.3
602,chat-gpt,70,word2vec,single,50.0,0.5,rebel\_ft,32.2,21.9,25.7,19.8,3.7,6.1
94,chat-gpt,70,word2vec,single,50.0,0.7,rebel\_hf,34.3,20.8,25.3,22.8,2.4,4.3
451,chat-gpt,70,word2vec,single,50.0,0.7,rebel\_ft,32.2,21.9,25.7,20.1,3.8,6.2
403,chat-gpt,70,word2vec,single,70.0,0.5,rebel\_ft,34.9,21.3,26.0,22.1,3.1,5.3
601,chat-gpt,70,word2vec,single,70.0,0.5,rebel\_hf,35.8,20.1,25.2,24.6,1.9,3.5
17,chat-gpt,70,word2vec,single,70.0,0.7,rebel\_hf,35.8,20.1,25.2,24.6,1.9,3.5
650,chat-gpt,70,word2vec,single,70.0,0.7,rebel\_ft,34.9,21.3,26.0,22.1,3.1,5.3
281,lex-rank,15,page\_rank,all,15.0,0.5,rebel\_ft,24.1,23.6,23.3,10.8,7.9,8.4
551,lex-rank,15,page\_rank,all,15.0,0.5,rebel\_hf,26.8,22.5,23.9,14.3,5.4,7.4
77,lex-rank,15,page\_rank,all,15.0,0.7,rebel\_hf,26.8,22.5,23.9,14.1,5.3,7.2
632,lex-rank,15,page\_rank,all,15.0,0.7,rebel\_ft,24.1,23.6,23.3,10.5,7.7,8.2
513,lex-rank,15,page\_rank,all,30.0,0.5,rebel\_hf,30.8,20.9,24.3,18.5,3.5,5.6
715,lex-rank,15,page\_rank,all,30.0,0.5,rebel\_ft,29.0,22.6,24.9,15.3,5.6,7.7
129,lex-rank,15,page\_rank,all,30.0,0.7,rebel\_hf,30.8,20.9,24.3,18.7,3.6,5.7
237,lex-rank,15,page\_rank,all,30.0,0.7,rebel\_ft,29.0,22.6,24.9,15.2,5.5,7.6
228,lex-rank,15,page\_rank,all,50.0,0.5,rebel\_ft,31.5,21.6,25.1,19.1,4.3,6.7
416,lex-rank,15,page\_rank,all,50.0,0.5,rebel\_hf,33.1,19.6,24.1,21.8,2.5,4.4
6,lex-rank,15,page\_rank,all,50.0,0.7,rebel\_hf,33.1,19.6,24.1,22.1,2.5,4.4
501,lex-rank,15,page\_rank,all,50.0,0.7,rebel\_ft,31.5,21.6,25.1,19.0,4.3,6.7
699,lex-rank,15,page\_rank,all,70.0,0.5,rebel\_hf,35.5,18.7,24.0,24.2,2.0,3.7
762,lex-rank,15,page\_rank,all,70.0,0.5,rebel\_ft,33.8,21.2,25.5,21.6,3.5,5.8
107,lex-rank,15,page\_rank,all,70.0,0.7,rebel\_hf,35.5,18.7,24.0,24.1,2.0,3.7
588,lex-rank,15,page\_rank,all,70.0,0.7,rebel\_ft,33.8,21.2,25.5,21.7,3.5,5.7
562,lex-rank,15,page\_rank,single,15.0,0.5,rebel\_hf,23.2,19.2,20.1,9.9,4.8,6.0
590,lex-rank,15,page\_rank,single,15.0,0.5,rebel\_ft,20.0,21.5,19.8,7.8,7.3,7.0
58,lex-rank,15,page\_rank,single,15.0,0.7,rebel\_hf,23.2,19.2,20.1,9.9,4.9,6.2
225,lex-rank,15,page\_rank,single,15.0,0.7,rebel\_ft,20.0,21.5,19.8,7.8,7.3,7.0
313,lex-rank,15,page\_rank,single,30.0,0.5,rebel\_hf,28.1,19.0,22.1,16.2,3.8,5.9
397,lex-rank,15,page\_rank,single,30.0,0.5,rebel\_ft,25.4,20.2,22.0,12.8,5.9,7.3
591,lex-rank,15,page\_rank,single,30.0,0.7,rebel\_hf,28.1,19.0,22.1,16.3,3.8,5.9
671,lex-rank,15,page\_rank,single,30.0,0.7,rebel\_ft,25.4,20.2,22.0,12.8,5.9,7.3
454,lex-rank,15,page\_rank,single,50.0,0.5,rebel\_hf,32.7,18.8,23.3,21.0,2.6,4.5
694,lex-rank,15,page\_rank,single,50.0,0.5,rebel\_ft,31.6,20.7,24.6,18.2,4.4,6.7
424,lex-rank,15,page\_rank,single,50.0,0.7,rebel\_hf,32.7,18.8,23.3,20.9,2.6,4.5
510,lex-rank,15,page\_rank,single,50.0,0.7,rebel\_ft,31.6,20.7,24.6,18.2,4.4,6.7
145,lex-rank,15,page\_rank,single,70.0,0.5,rebel\_ft,33.3,20.4,24.8,20.8,3.6,5.9
374,lex-rank,15,page\_rank,single,70.0,0.5,rebel\_hf,34.6,18.2,23.4,23.2,2.1,3.8
76,lex-rank,15,page\_rank,single,70.0,0.7,rebel\_ft,33.3,20.4,24.8,20.8,3.6,5.9
572,lex-rank,15,page\_rank,single,70.0,0.7,rebel\_hf,34.6,18.2,23.4,22.8,2.1,3.8
189,lex-rank,15,tfidf,all,15.0,0.5,rebel\_hf,24.5,17.5,19.9,12.4,3.9,5.6
693,lex-rank,15,tfidf,all,15.0,0.5,rebel\_ft,20.0,18.6,18.3,6.9,5.6,5.3
356,lex-rank,15,tfidf,all,15.0,0.7,rebel\_hf,24.5,17.5,19.9,12.3,4.0,5.6
493,lex-rank,15,tfidf,all,15.0,0.7,rebel\_ft,20.0,18.6,18.3,7.0,5.6,5.4
638,lex-rank,15,tfidf,all,30.0,0.5,rebel\_ft,26.1,18.1,20.7,12.2,4.6,6.1
686,lex-rank,15,tfidf,all,30.0,0.5,rebel\_hf,29.1,17.3,21.3,16.6,2.9,4.7
97,lex-rank,15,tfidf,all,30.0,0.7,rebel\_ft,26.1,18.1,20.7,12.1,4.5,6.0
568,lex-rank,15,tfidf,all,30.0,0.7,rebel\_hf,29.1,17.3,21.3,16.6,3.0,4.8
344,lex-rank,15,tfidf,all,50.0,0.5,rebel\_hf,31.5,17.2,21.8,19.8,2.2,3.8
645,lex-rank,15,tfidf,all,50.0,0.5,rebel\_ft,29.8,18.6,22.4,16.6,3.9,6.0
188,lex-rank,15,tfidf,all,50.0,0.7,rebel\_ft,29.8,18.6,22.4,16.6,4.0,6.0
234,lex-rank,15,tfidf,all,50.0,0.7,rebel\_hf,31.5,17.2,21.8,20.3,2.2,3.9
139,lex-rank,15,tfidf,all,70.0,0.5,rebel\_ft,32.0,18.8,23.3,19.4,3.3,5.4
595,lex-rank,15,tfidf,all,70.0,0.5,rebel\_hf,33.5,17.1,22.2,22.5,1.8,3.3
294,lex-rank,15,tfidf,all,70.0,0.7,rebel\_hf,33.5,17.1,22.2,22.8,1.9,3.4
712,lex-rank,15,tfidf,all,70.0,0.7,rebel\_ft,32.0,18.8,23.3,19.5,3.3,5.4
421,lex-rank,15,tfidf,single,15.0,0.5,rebel\_hf,20.4,15.2,16.4,7.5,3.4,4.3
550,lex-rank,15,tfidf,single,15.0,0.5,rebel\_ft,16.8,14.1,14.6,4.8,4.1,4.1
135,lex-rank,15,tfidf,single,15.0,0.7,rebel\_ft,16.8,14.1,14.6,4.8,4.2,4.1
272,lex-rank,15,tfidf,single,15.0,0.7,rebel\_hf,20.4,15.2,16.4,7.6,3.5,4.4
65,lex-rank,15,tfidf,single,30.0,0.5,rebel\_hf,26.2,16.5,19.7,14.0,3.2,4.9
379,lex-rank,15,tfidf,single,30.0,0.5,rebel\_ft,23.1,17.1,19.0,9.8,4.4,5.5
68,lex-rank,15,tfidf,single,30.0,0.7,rebel\_ft,23.1,17.1,19.0,9.8,4.4,5.5
524,lex-rank,15,tfidf,single,30.0,0.7,rebel\_hf,26.2,16.5,19.7,14.1,3.2,5.0
472,lex-rank,15,tfidf,single,50.0,0.5,rebel\_hf,30.3,16.7,21.1,19.6,2.4,4.2
517,lex-rank,15,tfidf,single,50.0,0.5,rebel\_ft,28.9,18.3,21.9,15.7,3.9,5.9
520,lex-rank,15,tfidf,single,50.0,0.7,rebel\_ft,28.9,18.3,21.9,15.3,3.8,5.8
692,lex-rank,15,tfidf,single,50.0,0.7,rebel\_hf,30.3,16.7,21.1,19.3,2.4,4.1
350,lex-rank,15,tfidf,single,70.0,0.5,rebel\_hf,32.9,16.9,21.9,22.1,2.0,3.6
690,lex-rank,15,tfidf,single,70.0,0.5,rebel\_ft,31.7,18.6,23.0,18.5,3.4,5.5
586,lex-rank,15,tfidf,single,70.0,0.7,rebel\_ft,31.7,18.6,23.0,18.4,3.5,5.5
603,lex-rank,15,tfidf,single,70.0,0.7,rebel\_hf,32.9,16.9,21.9,22.1,2.0,3.6
243,lex-rank,15,word2vec,all,15.0,0.5,rebel\_ft,21.1,18.4,19.1,9.3,6.1,6.9
647,lex-rank,15,word2vec,all,15.0,0.5,rebel\_hf,26.3,20.0,22.0,14.0,4.7,6.6
28,lex-rank,15,word2vec,all,15.0,0.7,rebel\_hf,26.0,19.6,21.8,13.2,4.7,6.4
283,lex-rank,15,word2vec,all,15.0,0.7,rebel\_ft,21.2,19.2,19.6,8.4,6.8,6.9
208,lex-rank,15,word2vec,all,30.0,0.5,rebel\_ft,26.4,20.6,22.4,13.2,4.7,6.6
664,lex-rank,15,word2vec,all,30.0,0.5,rebel\_hf,29.7,19.6,23.0,17.4,3.1,5.1
408,lex-rank,15,word2vec,all,30.0,0.7,rebel\_ft,26.4,19.8,22.0,12.6,4.9,6.6
425,lex-rank,15,word2vec,all,30.0,0.7,rebel\_hf,29.2,19.1,22.5,17.0,3.2,5.1
86,lex-rank,15,word2vec,all,50.0,0.5,rebel\_ft,30.6,20.8,24.3,17.8,3.9,6.1
285,lex-rank,15,word2vec,all,50.0,0.5,rebel\_hf,33.4,19.2,23.9,22.5,2.5,4.4
149,lex-rank,15,word2vec,all,50.0,0.7,rebel\_hf,33.1,19.1,23.7,21.9,2.5,4.3
471,lex-rank,15,word2vec,all,50.0,0.7,rebel\_ft,31.4,21.0,24.7,18.0,4.0,6.2
405,lex-rank,15,word2vec,all,70.0,0.5,rebel\_ft,33.5,20.4,24.9,21.2,3.3,5.6
433,lex-rank,15,word2vec,all,70.0,0.5,rebel\_hf,35.5,18.6,23.9,24.5,2.1,3.7
430,lex-rank,15,word2vec,all,70.0,0.7,rebel\_ft,32.9,20.6,25.0,20.6,3.3,5.5
725,lex-rank,15,word2vec,all,70.0,0.7,rebel\_hf,34.8,18.6,23.8,24.5,2.0,3.7
467,lex-rank,15,word2vec,single,15.0,0.5,rebel\_ft,18.7,19.9,17.7,5.9,6.9,5.7
532,lex-rank,15,word2vec,single,15.0,0.5,rebel\_hf,22.0,18.3,18.9,8.7,4.4,5.5
326,lex-rank,15,word2vec,single,15.0,0.7,rebel\_ft,18.7,19.9,17.7,5.9,6.9,5.7
334,lex-rank,15,word2vec,single,15.0,0.7,rebel\_hf,22.0,18.3,18.9,8.7,4.4,5.5
597,lex-rank,15,word2vec,single,30.0,0.5,rebel\_hf,28.8,18.1,21.5,15.8,3.7,5.7
667,lex-rank,15,word2vec,single,30.0,0.5,rebel\_ft,25.5,19.5,21.1,11.2,5.3,6.4
559,lex-rank,15,word2vec,single,30.0,0.7,rebel\_hf,28.8,18.1,21.5,15.8,3.7,5.7
669,lex-rank,15,word2vec,single,30.0,0.7,rebel\_ft,25.5,19.5,21.1,11.2,5.3,6.4
317,lex-rank,15,word2vec,single,50.0,0.5,rebel\_ft,30.3,20.1,23.5,16.7,4.2,6.3
619,lex-rank,15,word2vec,single,50.0,0.5,rebel\_hf,32.4,18.2,22.8,21.0,2.6,4.5
442,lex-rank,15,word2vec,single,50.0,0.7,rebel\_hf,32.4,18.2,22.8,21.0,2.6,4.5
698,lex-rank,15,word2vec,single,50.0,0.7,rebel\_ft,30.3,20.1,23.5,16.7,4.2,6.3
662,lex-rank,15,word2vec,single,70.0,0.5,rebel\_hf,33.7,17.8,22.8,23.2,2.1,3.8
757,lex-rank,15,word2vec,single,70.0,0.5,rebel\_ft,31.6,19.7,23.6,19.0,3.5,5.6
127,lex-rank,15,word2vec,single,70.0,0.7,rebel\_ft,31.6,19.7,23.6,19.0,3.5,5.6
240,lex-rank,15,word2vec,single,70.0,0.7,rebel\_hf,33.7,17.8,22.8,23.2,2.1,3.8
406,lex-rank,30,page\_rank,all,15.0,0.5,rebel\_hf,30.3,21.0,24.4,18.3,3.4,5.5
495,lex-rank,30,page\_rank,all,15.0,0.5,rebel\_ft,28.1,22.5,24.7,14.3,5.4,7.4
83,lex-rank,30,page\_rank,all,15.0,0.7,rebel\_hf,30.3,21.0,24.4,18.5,3.4,5.6
173,lex-rank,30,page\_rank,all,15.0,0.7,rebel\_ft,28.1,22.5,24.7,14.5,5.5,7.6
670,lex-rank,30,page\_rank,all,30.0,0.5,rebel\_hf,33.6,19.9,24.6,23.5,2.2,4.0
674,lex-rank,30,page\_rank,all,30.0,0.5,rebel\_ft,32.6,22.1,25.9,20.3,4.0,6.5
581,lex-rank,30,page\_rank,all,30.0,0.7,rebel\_ft,32.6,22.1,25.9,20.4,4.1,6.6
626,lex-rank,30,page\_rank,all,30.0,0.7,rebel\_hf,33.6,19.9,24.6,23.1,2.2,4.0
180,lex-rank,30,page\_rank,all,50.0,0.5,rebel\_ft,36.3,20.8,26.0,25.0,2.8,5.0
718,lex-rank,30,page\_rank,all,50.0,0.5,rebel\_hf,37.8,18.7,24.5,27.2,1.6,3.0
419,lex-rank,30,page\_rank,all,50.0,0.7,rebel\_hf,37.8,18.7,24.5,26.6,1.6,2.9
541,lex-rank,30,page\_rank,all,50.0,0.7,rebel\_ft,36.3,20.8,26.0,25.2,2.9,5.1
31,lex-rank,30,page\_rank,all,70.0,0.5,rebel\_hf,39.0,18.0,24.2,29.3,1.3,2.4
460,lex-rank,30,page\_rank,all,70.0,0.5,rebel\_ft,38.8,20.2,26.2,27.7,2.3,4.2
214,lex-rank,30,page\_rank,all,70.0,0.7,rebel\_ft,38.8,20.2,26.2,28.1,2.4,4.3
486,lex-rank,30,page\_rank,all,70.0,0.7,rebel\_hf,39.0,18.0,24.2,28.6,1.2,2.4
46,lex-rank,30,page\_rank,single,15.0,0.5,rebel\_ft,25.3,19.5,21.6,12.2,4.9,6.5
48,lex-rank,30,page\_rank,single,15.0,0.5,rebel\_hf,27.4,18.5,21.6,16.0,3.5,5.5
296,lex-rank,30,page\_rank,single,15.0,0.7,rebel\_ft,25.3,19.5,21.6,12.2,4.9,6.5
539,lex-rank,30,page\_rank,single,15.0,0.7,rebel\_hf,27.4,18.5,21.6,15.9,3.5,5.5
377,lex-rank,30,page\_rank,single,30.0,0.5,rebel\_hf,32.0,18.0,22.6,21.6,2.3,4.0
515,lex-rank,30,page\_rank,single,30.0,0.5,rebel\_ft,31.9,20.3,24.5,20.2,4.4,6.9
34,lex-rank,30,page\_rank,single,30.0,0.7,rebel\_ft,31.9,20.3,24.5,20.2,4.4,6.9
144,lex-rank,30,page\_rank,single,30.0,0.7,rebel\_hf,32.0,18.0,22.6,21.6,2.3,4.0
212,lex-rank,30,page\_rank,single,50.0,0.5,rebel\_ft,35.9,20.2,25.5,23.9,2.9,5.1
392,lex-rank,30,page\_rank,single,50.0,0.5,rebel\_hf,36.8,18.2,23.8,25.7,1.6,2.9
150,lex-rank,30,page\_rank,single,50.0,0.7,rebel\_hf,36.8,18.2,23.8,25.7,1.6,2.9
687,lex-rank,30,page\_rank,single,50.0,0.7,rebel\_ft,35.9,20.2,25.5,23.9,2.9,5.1
466,lex-rank,30,page\_rank,single,70.0,0.5,rebel\_hf,38.5,17.7,23.7,27.9,1.3,2.4
585,lex-rank,30,page\_rank,single,70.0,0.5,rebel\_ft,37.6,19.6,25.4,26.6,2.4,4.3
763,lex-rank,30,page\_rank,single,70.0,0.7,rebel\_ft,37.6,19.6,25.4,26.6,2.4,4.3
766,lex-rank,30,page\_rank,single,70.0,0.7,rebel\_hf,38.5,17.7,23.7,27.9,1.3,2.4
167,lex-rank,30,tfidf,all,15.0,0.5,rebel\_ft,23.1,16.6,18.8,10.1,4.2,5.6
420,lex-rank,30,tfidf,all,15.0,0.5,rebel\_hf,28.7,16.8,20.8,16.4,2.8,4.6
616,lex-rank,30,tfidf,all,15.0,0.7,rebel\_hf,28.7,16.8,20.8,15.9,2.8,4.6
744,lex-rank,30,tfidf,all,15.0,0.7,rebel\_ft,23.1,16.6,18.8,10.1,4.3,5.6
249,lex-rank,30,tfidf,all,30.0,0.5,rebel\_ft,29.2,17.0,21.1,16.1,3.1,5.0
594,lex-rank,30,tfidf,all,30.0,0.5,rebel\_hf,33.4,17.2,22.3,21.5,2.0,3.5
15,lex-rank,30,tfidf,all,30.0,0.7,rebel\_hf,33.4,17.2,22.3,22.1,2.0,3.6
742,lex-rank,30,tfidf,all,30.0,0.7,rebel\_ft,29.2,17.0,21.1,16.0,3.1,4.9
251,lex-rank,30,tfidf,all,50.0,0.5,rebel\_ft,33.3,18.1,23.1,21.3,2.5,4.4
449,lex-rank,30,tfidf,all,50.0,0.5,rebel\_hf,35.8,17.1,22.7,25.5,1.5,2.7
19,lex-rank,30,tfidf,all,50.0,0.7,rebel\_hf,35.8,17.1,22.7,25.3,1.5,2.7
96,lex-rank,30,tfidf,all,50.0,0.7,rebel\_ft,33.3,18.1,23.1,21.2,2.5,4.4
92,lex-rank,30,tfidf,all,70.0,0.5,rebel\_ft,37.1,18.4,24.3,25.3,2.2,4.0
576,lex-rank,30,tfidf,all,70.0,0.5,rebel\_hf,38.0,16.9,22.9,28.0,1.2,2.3
252,lex-rank,30,tfidf,all,70.0,0.7,rebel\_ft,37.1,18.4,24.3,25.3,2.2,4.0
494,lex-rank,30,tfidf,all,70.0,0.7,rebel\_hf,38.0,16.9,22.9,27.9,1.2,2.3
75,lex-rank,30,tfidf,single,15.0,0.5,rebel\_hf,27.8,16.4,20.1,15.3,3.4,5.2
151,lex-rank,30,tfidf,single,15.0,0.5,rebel\_ft,23.1,16.5,18.5,10.0,4.7,5.7
38,lex-rank,30,tfidf,single,15.0,0.7,rebel\_hf,27.8,16.4,20.1,15.5,3.4,5.3
349,lex-rank,30,tfidf,single,15.0,0.7,rebel\_ft,23.1,16.5,18.5,10.1,4.8,5.8
82,lex-rank,30,tfidf,single,30.0,0.5,rebel\_hf,32.2,16.6,21.5,20.8,2.1,3.8
703,lex-rank,30,tfidf,single,30.0,0.5,rebel\_ft,28.0,17.4,20.9,14.9,3.5,5.3
279,lex-rank,30,tfidf,single,30.0,0.7,rebel\_hf,32.2,16.6,21.5,20.7,2.1,3.8
443,lex-rank,30,tfidf,single,30.0,0.7,rebel\_ft,28.0,17.4,20.9,15.3,3.7,5.5
248,lex-rank,30,tfidf,single,50.0,0.5,rebel\_ft,34.2,18.1,23.2,21.9,2.7,4.7
412,lex-rank,30,tfidf,single,50.0,0.5,rebel\_hf,35.8,16.8,22.4,26.2,1.5,2.9
592,lex-rank,30,tfidf,single,50.0,0.7,rebel\_ft,34.2,18.1,23.2,21.9,2.7,4.6
681,lex-rank,30,tfidf,single,50.0,0.7,rebel\_hf,35.8,16.8,22.4,25.1,1.5,2.8
148,lex-rank,30,tfidf,single,70.0,0.5,rebel\_hf,37.7,16.8,22.8,27.6,1.2,2.3
434,lex-rank,30,tfidf,single,70.0,0.5,rebel\_ft,36.5,18.1,23.8,24.8,2.2,3.9
617,lex-rank,30,tfidf,single,70.0,0.7,rebel\_hf,37.7,16.8,22.8,27.2,1.2,2.3
754,lex-rank,30,tfidf,single,70.0,0.7,rebel\_ft,36.5,18.1,23.8,25.3,2.2,4.0
110,lex-rank,30,word2vec,all,15.0,0.5,rebel\_hf,28.8,19.0,22.5,17.3,3.3,5.3
429,lex-rank,30,word2vec,all,15.0,0.5,rebel\_ft,24.9,18.2,20.6,12.0,4.9,6.6
274,lex-rank,30,word2vec,all,15.0,0.7,rebel\_ft,25.7,18.9,21.3,12.2,4.4,6.2
748,lex-rank,30,word2vec,all,15.0,0.7,rebel\_hf,28.8,19.2,22.6,17.5,3.1,5.1
500,lex-rank,30,word2vec,all,30.0,0.5,rebel\_hf,33.9,18.9,23.8,22.2,2.1,3.8
661,lex-rank,30,word2vec,all,30.0,0.5,rebel\_ft,31.3,20.5,24.4,17.7,3.8,6.0
43,lex-rank,30,word2vec,all,30.0,0.7,rebel\_hf,34.4,19.1,24.0,22.6,2.2,3.9
498,lex-rank,30,word2vec,all,30.0,0.7,rebel\_ft,32.4,20.2,24.4,18.5,3.7,5.9
168,lex-rank,30,word2vec,all,50.0,0.5,rebel\_ft,36.1,20.4,25.8,23.6,2.8,4.9
587,lex-rank,30,word2vec,all,50.0,0.5,rebel\_hf,37.2,18.4,24.2,27.4,1.6,3.0
224,lex-rank,30,word2vec,all,50.0,0.7,rebel\_hf,37.0,18.5,24.3,26.8,1.6,2.9
512,lex-rank,30,word2vec,all,50.0,0.7,rebel\_ft,35.5,20.1,25.4,23.4,2.8,4.9
70,lex-rank,30,word2vec,all,70.0,0.5,rebel\_hf,39.2,17.6,23.8,29.2,1.2,2.4
378,lex-rank,30,word2vec,all,70.0,0.5,rebel\_ft,38.6,19.6,25.7,27.0,2.3,4.1
399,lex-rank,30,word2vec,all,70.0,0.7,rebel\_hf,38.7,17.8,23.9,28.3,1.2,2.3
753,lex-rank,30,word2vec,all,70.0,0.7,rebel\_ft,38.1,19.7,25.6,27.1,2.3,4.2
161,lex-rank,30,word2vec,single,15.0,0.5,rebel\_hf,26.9,18.0,21.0,14.6,3.1,4.9
649,lex-rank,30,word2vec,single,15.0,0.5,rebel\_ft,23.2,18.9,20.1,11.0,5.3,6.4
487,lex-rank,30,word2vec,single,15.0,0.7,rebel\_ft,23.2,18.9,20.1,11.0,5.3,6.4
709,lex-rank,30,word2vec,single,15.0,0.7,rebel\_hf,26.9,18.0,21.0,14.6,3.1,4.9
184,lex-rank,30,word2vec,single,30.0,0.5,rebel\_hf,33.5,18.1,23.0,21.2,2.3,4.0
457,lex-rank,30,word2vec,single,30.0,0.5,rebel\_ft,31.3,19.4,23.5,17.7,3.9,6.1
50,lex-rank,30,word2vec,single,30.0,0.7,rebel\_ft,31.3,19.4,23.5,17.7,3.9,6.1
332,lex-rank,30,word2vec,single,30.0,0.7,rebel\_hf,33.5,18.1,23.0,21.2,2.3,4.0
88,lex-rank,30,word2vec,single,50.0,0.5,rebel\_hf,36.8,17.8,23.5,25.1,1.5,2.9
381,lex-rank,30,word2vec,single,50.0,0.5,rebel\_ft,35.5,19.4,24.7,22.8,2.8,4.9
557,lex-rank,30,word2vec,single,50.0,0.7,rebel\_ft,35.5,19.4,24.7,22.8,2.8,4.9
658,lex-rank,30,word2vec,single,50.0,0.7,rebel\_hf,36.8,17.8,23.5,25.1,1.5,2.9
262,lex-rank,30,word2vec,single,70.0,0.5,rebel\_ft,37.4,18.9,24.7,25.7,2.3,4.1
745,lex-rank,30,word2vec,single,70.0,0.5,rebel\_hf,38.7,17.4,23.5,27.9,1.3,2.4
393,lex-rank,30,word2vec,single,70.0,0.7,rebel\_hf,38.7,17.4,23.5,27.9,1.3,2.4
407,lex-rank,30,word2vec,single,70.0,0.7,rebel\_ft,37.4,18.9,24.7,25.7,2.3,4.1
121,lex-rank,50,page\_rank,all,15.0,0.5,rebel\_hf,32.8,19.9,24.2,21.3,2.4,4.2
255,lex-rank,50,page\_rank,all,15.0,0.5,rebel\_ft,31.3,21.6,25.1,18.9,4.5,7.0
629,lex-rank,50,page\_rank,all,15.0,0.7,rebel\_hf,32.8,19.9,24.2,21.6,2.4,4.3
646,lex-rank,50,page\_rank,all,15.0,0.7,rebel\_ft,31.3,21.6,25.1,19.0,4.5,7.0
201,lex-rank,50,page\_rank,all,30.0,0.5,rebel\_hf,37.0,18.8,24.5,26.1,1.5,2.9
352,lex-rank,50,page\_rank,all,30.0,0.5,rebel\_ft,35.8,20.6,25.8,24.8,2.9,5.1
52,lex-rank,50,page\_rank,all,30.0,0.7,rebel\_hf,37.0,18.8,24.5,26.2,1.5,2.9
540,lex-rank,50,page\_rank,all,30.0,0.7,rebel\_ft,35.8,20.6,25.8,25.2,3.0,5.2
192,lex-rank,50,page\_rank,all,50.0,0.5,rebel\_hf,39.4,17.6,23.9,29.5,1.1,2.1
231,lex-rank,50,page\_rank,all,50.0,0.5,rebel\_ft,39.6,19.3,25.7,29.4,2.1,3.8
171,lex-rank,50,page\_rank,all,50.0,0.7,rebel\_hf,39.4,17.6,23.9,29.8,1.1,2.1
435,lex-rank,50,page\_rank,all,50.0,0.7,rebel\_ft,39.6,19.3,25.7,29.5,2.1,3.9
389,lex-rank,50,page\_rank,all,70.0,0.5,rebel\_ft,41.7,18.3,25.2,31.3,1.6,3.1
637,lex-rank,50,page\_rank,all,70.0,0.5,rebel\_hf,41.1,16.7,23.4,31.8,0.9,1.7
29,lex-rank,50,page\_rank,all,70.0,0.7,rebel\_ft,41.7,18.3,25.2,31.3,1.6,3.1
623,lex-rank,50,page\_rank,all,70.0,0.7,rebel\_hf,41.1,16.7,23.4,31.9,0.9,1.7
518,lex-rank,50,page\_rank,single,15.0,0.5,rebel\_ft,29.0,20.0,23.4,16.6,4.5,6.7
600,lex-rank,50,page\_rank,single,15.0,0.5,rebel\_hf,30.8,18.5,22.8,19.6,2.5,4.4
570,lex-rank,50,page\_rank,single,15.0,0.7,rebel\_ft,29.0,20.0,23.4,16.6,4.5,6.7
728,lex-rank,50,page\_rank,single,15.0,0.7,rebel\_hf,30.8,18.5,22.8,19.9,2.6,4.5
54,lex-rank,50,page\_rank,single,30.0,0.5,rebel\_ft,35.0,19.4,24.6,23.4,2.9,5.1
230,lex-rank,50,page\_rank,single,30.0,0.5,rebel\_hf,36.2,17.8,23.4,25.1,1.6,2.9
59,lex-rank,50,page\_rank,single,30.0,0.7,rebel\_ft,35.0,19.4,24.6,23.4,2.9,5.1
101,lex-rank,50,page\_rank,single,30.0,0.7,rebel\_hf,36.2,17.8,23.4,25.1,1.6,2.9
187,lex-rank,50,page\_rank,single,50.0,0.5,rebel\_ft,38.9,18.8,25.1,28.4,2.1,3.9
633,lex-rank,50,page\_rank,single,50.0,0.5,rebel\_hf,39.3,17.2,23.6,28.7,1.1,2.1
12,lex-rank,50,page\_rank,single,50.0,0.7,rebel\_ft,38.9,18.8,25.1,28.4,2.1,3.9
270,lex-rank,50,page\_rank,single,50.0,0.7,rebel\_hf,39.3,17.2,23.6,28.9,1.1,2.1
423,lex-rank,50,page\_rank,single,70.0,0.5,rebel\_ft,40.6,17.9,24.7,30.7,1.7,3.1
481,lex-rank,50,page\_rank,single,70.0,0.5,rebel\_hf,40.4,16.6,23.1,30.8,0.9,1.6
95,lex-rank,50,page\_rank,single,70.0,0.7,rebel\_hf,40.4,16.6,23.1,30.6,0.9,1.6
682,lex-rank,50,page\_rank,single,70.0,0.7,rebel\_ft,40.6,17.9,24.7,30.7,1.7,3.1
154,lex-rank,50,tfidf,all,15.0,0.5,rebel\_ft,26.9,16.8,20.1,13.4,3.9,5.6
333,lex-rank,50,tfidf,all,15.0,0.5,rebel\_hf,31.0,16.6,21.2,19.4,2.1,3.7
319,lex-rank,50,tfidf,all,15.0,0.7,rebel\_hf,31.0,16.6,21.2,19.1,2.1,3.7
666,lex-rank,50,tfidf,all,15.0,0.7,rebel\_ft,26.9,16.8,20.1,13.5,3.9,5.6
146,lex-rank,50,tfidf,all,30.0,0.5,rebel\_ft,33.4,16.9,22.1,20.2,2.7,4.6
680,lex-rank,50,tfidf,all,30.0,0.5,rebel\_hf,36.6,16.3,22.1,24.9,1.4,2.6
159,lex-rank,50,tfidf,all,30.0,0.7,rebel\_ft,33.4,16.9,22.1,20.5,2.8,4.7
287,lex-rank,50,tfidf,all,30.0,0.7,rebel\_hf,36.6,16.3,22.1,25.1,1.4,2.6
40,lex-rank,50,tfidf,all,50.0,0.5,rebel\_ft,37.1,17.4,23.4,25.5,2.0,3.6
324,lex-rank,50,tfidf,all,50.0,0.5,rebel\_hf,38.7,16.1,22.3,28.1,1.0,1.9
207,lex-rank,50,tfidf,all,50.0,0.7,rebel\_hf,38.7,16.1,22.3,27.7,1.0,1.9
220,lex-rank,50,tfidf,all,50.0,0.7,rebel\_ft,37.1,17.4,23.4,26.1,2.0,3.7
242,lex-rank,50,tfidf,all,70.0,0.5,rebel\_hf,40.3,16.0,22.5,31.0,0.8,1.6
704,lex-rank,50,tfidf,all,70.0,0.5,rebel\_ft,40.6,17.4,24.2,30.3,1.6,3.0
7,lex-rank,50,tfidf,all,70.0,0.7,rebel\_ft,40.6,17.4,24.2,30.3,1.6,3.0
450,lex-rank,50,tfidf,all,70.0,0.7,rebel\_hf,40.3,16.0,22.5,30.9,0.8,1.6
117,lex-rank,50,tfidf,single,15.0,0.5,rebel\_ft,26.4,17.1,20.1,13.9,4.2,6.0
223,lex-rank,50,tfidf,single,15.0,0.5,rebel\_hf,30.8,16.5,20.9,18.5,2.2,3.9
90,lex-rank,50,tfidf,single,15.0,0.7,rebel\_hf,30.8,16.5,20.9,18.5,2.2,3.8
323,lex-rank,50,tfidf,single,15.0,0.7,rebel\_ft,26.4,17.1,20.1,13.8,4.2,5.9
259,lex-rank,50,tfidf,single,30.0,0.5,rebel\_ft,33.0,17.0,22.1,19.6,2.6,4.5
401,lex-rank,50,tfidf,single,30.0,0.5,rebel\_hf,36.0,16.3,21.9,24.8,1.5,2.8
118,lex-rank,50,tfidf,single,30.0,0.7,rebel\_hf,36.0,16.3,21.9,24.6,1.5,2.8
291,lex-rank,50,tfidf,single,30.0,0.7,rebel\_ft,33.0,17.0,22.1,19.9,2.7,4.5
297,lex-rank,50,tfidf,single,50.0,0.5,rebel\_hf,38.5,16.0,22.2,28.0,1.0,2.0
700,lex-rank,50,tfidf,single,50.0,0.5,rebel\_ft,37.1,17.1,23.1,25.6,2.0,3.7
179,lex-rank,50,tfidf,single,50.0,0.7,rebel\_hf,38.5,16.0,22.2,28.3,1.0,2.0
710,lex-rank,50,tfidf,single,50.0,0.7,rebel\_ft,37.1,17.1,23.1,25.9,2.0,3.7
400,lex-rank,50,tfidf,single,70.0,0.5,rebel\_hf,40.3,15.9,22.5,30.4,0.8,1.6
639,lex-rank,50,tfidf,single,70.0,0.5,rebel\_ft,40.5,17.4,24.1,29.7,1.7,3.1
128,lex-rank,50,tfidf,single,70.0,0.7,rebel\_hf,40.3,15.9,22.5,30.9,0.8,1.6
519,lex-rank,50,tfidf,single,70.0,0.7,rebel\_ft,40.5,17.4,24.1,30.2,1.7,3.1
245,lex-rank,50,word2vec,all,15.0,0.5,rebel\_hf,33.1,18.5,23.2,21.1,2.5,4.3
304,lex-rank,50,word2vec,all,15.0,0.5,rebel\_ft,29.7,19.6,23.1,16.4,4.3,6.5
413,lex-rank,50,word2vec,all,15.0,0.7,rebel\_hf,33.0,18.5,23.3,21.9,2.5,4.3
508,lex-rank,50,word2vec,all,15.0,0.7,rebel\_ft,29.0,18.6,22.3,15.8,4.0,6.1
668,lex-rank,50,word2vec,all,30.0,0.5,rebel\_ft,34.6,19.1,24.2,22.1,2.9,4.9
675,lex-rank,50,word2vec,all,30.0,0.5,rebel\_hf,36.5,17.6,23.4,25.8,1.5,2.8
385,lex-rank,50,word2vec,all,30.0,0.7,rebel\_ft,34.5,18.9,24.1,22.2,2.9,5.0
441,lex-rank,50,word2vec,all,30.0,0.7,rebel\_hf,36.1,17.3,23.0,24.9,1.5,2.8
160,lex-rank,50,word2vec,all,50.0,0.5,rebel\_hf,39.5,17.2,23.5,29.5,1.1,2.0
239,lex-rank,50,word2vec,all,50.0,0.5,rebel\_ft,39.6,18.9,25.3,28.1,2.1,3.9
84,lex-rank,50,word2vec,all,50.0,0.7,rebel\_ft,39.4,19.1,25.5,28.8,2.1,3.9
299,lex-rank,50,word2vec,all,50.0,0.7,rebel\_hf,39.3,17.3,23.6,29.4,1.1,2.0
4,lex-rank,50,word2vec,all,70.0,0.5,rebel\_hf,40.8,16.6,23.2,31.5,0.8,1.6
268,lex-rank,50,word2vec,all,70.0,0.5,rebel\_ft,41.5,18.3,25.1,31.5,1.7,3.1
497,lex-rank,50,word2vec,all,70.0,0.7,rebel\_ft,41.4,18.3,25.2,32.0,1.7,3.2
621,lex-rank,50,word2vec,all,70.0,0.7,rebel\_hf,41.1,16.7,23.3,32.1,0.8,1.6
229,lex-rank,50,word2vec,single,15.0,0.5,rebel\_hf,31.2,18.2,22.6,18.9,2.5,4.3
306,lex-rank,50,word2vec,single,15.0,0.5,rebel\_ft,29.3,19.3,22.9,16.0,4.3,6.5
8,lex-rank,50,word2vec,single,15.0,0.7,rebel\_ft,29.3,19.3,22.9,16.0,4.3,6.5
604,lex-rank,50,word2vec,single,15.0,0.7,rebel\_hf,31.2,18.2,22.6,18.9,2.5,4.3
522,lex-rank,50,word2vec,single,30.0,0.5,rebel\_ft,34.3,18.8,23.9,21.6,2.9,4.9
705,lex-rank,50,word2vec,single,30.0,0.5,rebel\_hf,36.8,17.5,23.3,25.0,1.6,2.9
10,lex-rank,50,word2vec,single,30.0,0.7,rebel\_ft,34.3,18.8,23.9,21.6,2.9,4.9
133,lex-rank,50,word2vec,single,30.0,0.7,rebel\_hf,36.8,17.5,23.3,25.0,1.6,2.9
573,lex-rank,50,word2vec,single,50.0,0.5,rebel\_ft,38.6,18.4,24.6,27.2,2.0,3.7
660,lex-rank,50,word2vec,single,50.0,0.5,rebel\_hf,39.2,16.9,23.2,28.9,1.1,2.1
357,lex-rank,50,word2vec,single,50.0,0.7,rebel\_ft,38.6,18.4,24.6,27.3,2.0,3.7
622,lex-rank,50,word2vec,single,50.0,0.7,rebel\_hf,39.2,16.9,23.2,28.9,1.1,2.1
396,lex-rank,50,word2vec,single,70.0,0.5,rebel\_ft,41.2,17.8,24.6,31.1,1.7,3.2
528,lex-rank,50,word2vec,single,70.0,0.5,rebel\_hf,40.7,16.4,23.0,31.4,0.9,1.7
531,lex-rank,50,word2vec,single,70.0,0.7,rebel\_ft,41.2,17.8,24.6,31.1,1.7,3.2
767,lex-rank,50,word2vec,single,70.0,0.7,rebel\_hf,40.7,16.4,23.0,31.4,0.9,1.7
147,lex-rank,70,page\_rank,all,15.0,0.5,rebel\_ft,32.6,20.6,25.0,21.2,3.7,6.1
293,lex-rank,70,page\_rank,all,15.0,0.5,rebel\_hf,34.1,18.7,23.8,23.3,2.0,3.5
266,lex-rank,70,page\_rank,all,15.0,0.7,rebel\_ft,32.6,20.6,25.0,21.2,3.7,6.1
609,lex-rank,70,page\_rank,all,15.0,0.7,rebel\_hf,34.1,18.7,23.8,22.8,1.9,3.5
105,lex-rank,70,page\_rank,all,30.0,0.5,rebel\_ft,37.1,19.7,25.5,27.2,2.4,4.3
361,lex-rank,70,page\_rank,all,30.0,0.5,rebel\_hf,38.1,18.0,24.0,28.9,1.3,2.4
100,lex-rank,70,page\_rank,all,30.0,0.7,rebel\_hf,38.1,18.0,24.0,28.5,1.2,2.4
417,lex-rank,70,page\_rank,all,30.0,0.7,rebel\_ft,37.1,19.7,25.5,27.4,2.4,4.3
116,lex-rank,70,page\_rank,all,50.0,0.5,rebel\_hf,40.7,16.8,23.5,32.2,0.9,1.7
395,lex-rank,70,page\_rank,all,50.0,0.5,rebel\_ft,40.7,18.4,25.2,31.3,1.7,3.1
66,lex-rank,70,page\_rank,all,50.0,0.7,rebel\_hf,40.7,16.8,23.5,31.7,0.9,1.7
335,lex-rank,70,page\_rank,all,50.0,0.7,rebel\_ft,40.7,18.4,25.2,31.8,1.7,3.2
469,lex-rank,70,page\_rank,all,70.0,0.5,rebel\_ft,42.6,17.6,24.7,33.9,1.3,2.5
615,lex-rank,70,page\_rank,all,70.0,0.5,rebel\_hf,42.4,16.1,23.0,33.6,0.7,1.3
340,lex-rank,70,page\_rank,all,70.0,0.7,rebel\_hf,42.4,16.1,23.0,33.4,0.7,1.3
678,lex-rank,70,page\_rank,all,70.0,0.7,rebel\_ft,42.6,17.6,24.7,34.0,1.3,2.5
3,lex-rank,70,page\_rank,single,15.0,0.5,rebel\_hf,33.9,17.9,23.1,22.3,2.0,3.6
316,lex-rank,70,page\_rank,single,15.0,0.5,rebel\_ft,31.9,19.5,23.8,20.0,3.5,5.8
108,lex-rank,70,page\_rank,single,15.0,0.7,rebel\_ft,31.9,19.5,23.8,20.0,3.5,5.8
479,lex-rank,70,page\_rank,single,15.0,0.7,rebel\_hf,33.9,17.9,23.1,22.9,2.1,3.8
74,lex-rank,70,page\_rank,single,30.0,0.5,rebel\_hf,37.6,17.3,23.3,27.8,1.3,2.4
198,lex-rank,70,page\_rank,single,30.0,0.5,rebel\_ft,36.2,18.9,24.5,25.4,2.3,4.1
260,lex-rank,70,page\_rank,single,30.0,0.7,rebel\_hf,37.6,17.3,23.3,27.8,1.3,2.4
764,lex-rank,70,page\_rank,single,30.0,0.7,rebel\_ft,36.2,18.9,24.5,25.4,2.3,4.1
13,lex-rank,70,page\_rank,single,50.0,0.5,rebel\_ft,39.9,18.2,24.7,30.4,1.7,3.1
484,lex-rank,70,page\_rank,single,50.0,0.5,rebel\_hf,40.3,16.5,23.0,31.2,0.9,1.7
368,lex-rank,70,page\_rank,single,50.0,0.7,rebel\_ft,39.9,18.2,24.7,30.4,1.7,3.1
477,lex-rank,70,page\_rank,single,50.0,0.7,rebel\_hf,40.3,16.5,23.0,30.8,0.9,1.6
325,lex-rank,70,page\_rank,single,70.0,0.5,rebel\_ft,42.3,17.2,24.2,33.5,1.3,2.5
578,lex-rank,70,page\_rank,single,70.0,0.5,rebel\_hf,41.8,15.8,22.6,33.0,0.7,1.3
152,lex-rank,70,page\_rank,single,70.0,0.7,rebel\_ft,42.3,17.2,24.2,33.4,1.3,2.5
181,lex-rank,70,page\_rank,single,70.0,0.7,rebel\_hf,41.8,15.8,22.6,32.8,0.7,1.3
209,lex-rank,70,tfidf,all,15.0,0.5,rebel\_ft,28.6,16.4,20.4,15.4,3.0,4.8
363,lex-rank,70,tfidf,all,15.0,0.5,rebel\_hf,33.8,16.2,21.4,21.7,1.7,3.1
163,lex-rank,70,tfidf,all,15.0,0.7,rebel\_hf,33.8,16.2,21.4,21.3,1.7,3.1
218,lex-rank,70,tfidf,all,15.0,0.7,rebel\_ft,28.6,16.4,20.4,15.1,2.9,4.7
247,lex-rank,70,tfidf,all,30.0,0.5,rebel\_hf,37.6,15.4,21.5,26.9,1.1,2.1
730,lex-rank,70,tfidf,all,30.0,0.5,rebel\_ft,34.3,16.3,21.8,21.9,2.0,3.6
79,lex-rank,70,tfidf,all,30.0,0.7,rebel\_ft,34.3,16.3,21.8,22.3,2.1,3.7
534,lex-rank,70,tfidf,all,30.0,0.7,rebel\_hf,37.6,15.4,21.5,26.6,1.1,2.1
219,lex-rank,70,tfidf,all,50.0,0.5,rebel\_hf,40.2,15.3,21.8,31.3,0.8,1.6
507,lex-rank,70,tfidf,all,50.0,0.5,rebel\_ft,39.8,16.7,23.3,28.9,1.6,3.0
113,lex-rank,70,tfidf,all,50.0,0.7,rebel\_hf,40.2,15.3,21.8,30.4,0.8,1.5
286,lex-rank,70,tfidf,all,50.0,0.7,rebel\_ft,39.8,16.7,23.3,29.6,1.7,3.1
93,lex-rank,70,tfidf,all,70.0,0.5,rebel\_hf,41.6,15.3,22.0,33.9,0.7,1.3
751,lex-rank,70,tfidf,all,70.0,0.5,rebel\_ft,42.5,16.7,23.7,33.0,1.3,2.5
351,lex-rank,70,tfidf,all,70.0,0.7,rebel\_ft,42.5,16.7,23.7,33.3,1.3,2.5
752,lex-rank,70,tfidf,all,70.0,0.7,rebel\_hf,41.6,15.3,22.0,33.5,0.6,1.3
25,lex-rank,70,tfidf,single,15.0,0.5,rebel\_hf,32.9,15.7,20.7,21.4,1.8,3.3
366,lex-rank,70,tfidf,single,15.0,0.5,rebel\_ft,28.2,16.1,20.0,15.1,3.0,4.8
18,lex-rank,70,tfidf,single,15.0,0.7,rebel\_hf,32.9,15.7,20.7,20.9,1.8,3.2
492,lex-rank,70,tfidf,single,15.0,0.7,rebel\_ft,28.2,16.1,20.0,15.4,3.1,4.8
132,lex-rank,70,tfidf,single,30.0,0.5,rebel\_hf,37.6,15.6,21.6,27.4,1.2,2.3
273,lex-rank,70,tfidf,single,30.0,0.5,rebel\_ft,34.6,16.7,22.1,22.2,2.2,3.8
55,lex-rank,70,tfidf,single,30.0,0.7,rebel\_hf,37.6,15.6,21.6,26.8,1.2,2.2
390,lex-rank,70,tfidf,single,30.0,0.7,rebel\_ft,34.6,16.7,22.1,22.6,2.2,3.9
78,lex-rank,70,tfidf,single,50.0,0.5,rebel\_hf,40.2,15.3,21.8,31.2,0.8,1.6
170,lex-rank,70,tfidf,single,50.0,0.5,rebel\_ft,39.2,16.4,22.9,28.5,1.6,3.0
582,lex-rank,70,tfidf,single,50.0,0.7,rebel\_ft,39.2,16.4,22.9,29.1,1.6,3.0
627,lex-rank,70,tfidf,single,50.0,0.7,rebel\_hf,40.2,15.3,21.8,30.8,0.8,1.6
111,lex-rank,70,tfidf,single,70.0,0.5,rebel\_ft,42.3,16.5,23.5,32.4,1.3,2.5
458,lex-rank,70,tfidf,single,70.0,0.5,rebel\_hf,41.4,15.2,21.9,33.3,0.7,1.3
308,lex-rank,70,tfidf,single,70.0,0.7,rebel\_ft,42.3,16.5,23.5,33.0,1.3,2.5
734,lex-rank,70,tfidf,single,70.0,0.7,rebel\_hf,41.4,15.2,21.9,33.3,0.7,1.3
64,lex-rank,70,word2vec,all,15.0,0.5,rebel\_ft,31.8,18.1,22.6,17.4,3.1,5.1
738,lex-rank,70,word2vec,all,15.0,0.5,rebel\_hf,34.5,17.4,22.7,23.4,1.9,3.5
162,lex-rank,70,word2vec,all,15.0,0.7,rebel\_ft,31.7,18.0,22.6,17.9,3.5,5.7
612,lex-rank,70,word2vec,all,15.0,0.7,rebel\_hf,33.9,17.0,22.1,22.3,1.8,3.3
527,lex-rank,70,word2vec,all,30.0,0.5,rebel\_ft,36.2,18.6,24.2,24.8,2.4,4.3
542,lex-rank,70,word2vec,all,30.0,0.5,rebel\_hf,37.9,16.9,22.9,28.2,1.2,2.3
39,lex-rank,70,word2vec,all,30.0,0.7,rebel\_ft,36.4,18.2,23.9,24.6,2.3,4.2
461,lex-rank,70,word2vec,all,30.0,0.7,rebel\_hf,37.7,16.8,22.8,27.8,1.2,2.3
196,lex-rank,70,word2vec,all,50.0,0.5,rebel\_ft,41.0,18.1,24.9,29.8,1.7,3.1
503,lex-rank,70,word2vec,all,50.0,0.5,rebel\_hf,40.7,16.4,23.0,32.6,0.9,1.7
2,lex-rank,70,word2vec,all,50.0,0.7,rebel\_hf,40.8,16.4,23.0,31.9,0.9,1.6
35,lex-rank,70,word2vec,all,50.0,0.7,rebel\_ft,40.4,18.0,24.6,30.8,1.7,3.2
16,lex-rank,70,word2vec,all,70.0,0.5,rebel\_hf,42.1,15.9,22.7,34.2,0.7,1.3
264,lex-rank,70,word2vec,all,70.0,0.5,rebel\_ft,43.1,17.4,24.6,34.5,1.4,2.6
51,lex-rank,70,word2vec,all,70.0,0.7,rebel\_hf,42.2,15.8,22.6,34.0,0.7,1.3
684,lex-rank,70,word2vec,all,70.0,0.7,rebel\_ft,42.8,17.4,24.6,34.6,1.4,2.6
182,lex-rank,70,word2vec,single,15.0,0.5,rebel\_ft,30.6,18.1,22.3,17.7,3.3,5.3
426,lex-rank,70,word2vec,single,15.0,0.5,rebel\_hf,33.5,17.2,22.2,21.9,2.0,3.6
543,lex-rank,70,word2vec,single,15.0,0.7,rebel\_hf,33.5,17.2,22.2,21.9,2.0,3.6
672,lex-rank,70,word2vec,single,15.0,0.7,rebel\_ft,30.6,18.1,22.2,17.7,3.3,5.3
386,lex-rank,70,word2vec,single,30.0,0.5,rebel\_hf,37.3,16.7,22.7,27.2,1.2,2.4
701,lex-rank,70,word2vec,single,30.0,0.5,rebel\_ft,35.7,18.0,23.6,23.9,2.3,4.1
60,lex-rank,70,word2vec,single,30.0,0.7,rebel\_ft,35.7,18.0,23.6,23.9,2.3,4.1
375,lex-rank,70,word2vec,single,30.0,0.7,rebel\_hf,37.3,16.7,22.7,27.1,1.2,2.3
521,lex-rank,70,word2vec,single,50.0,0.5,rebel\_hf,40.6,16.0,22.6,31.3,0.9,1.6
723,lex-rank,70,word2vec,single,50.0,0.5,rebel\_ft,40.7,17.5,24.3,30.4,1.7,3.1
42,lex-rank,70,word2vec,single,50.0,0.7,rebel\_hf,40.6,16.0,22.6,31.3,0.9,1.6
556,lex-rank,70,word2vec,single,50.0,0.7,rebel\_ft,40.7,17.5,24.3,30.5,1.7,3.2
91,lex-rank,70,word2vec,single,70.0,0.5,rebel\_hf,42.0,15.6,22.4,33.0,0.7,1.3
123,lex-rank,70,word2vec,single,70.0,0.5,rebel\_ft,42.7,17.2,24.3,34.1,1.4,2.6
318,lex-rank,70,word2vec,single,70.0,0.7,rebel\_hf,42.0,15.6,22.4,33.0,0.7,1.3
331,lex-rank,70,word2vec,single,70.0,0.7,rebel\_ft,42.7,17.2,24.3,34.1,1.4,2.6
